id,nome,pais_code,hotelCount
23654,"Letenye",HR,52
13026,"North Coast (Zealand)",FI,51
17652,"Triglav National Park",IT,50
18215,"Visegrád",PL,49
6506,"Dawson City",CA,49
18169,"Villach",TR,48
11220,"Macau/Cotai",CN,47
4230,"Bergen",NO,44
27016,"Maritime history",NZ,44
19560,"Saint Petersburg/Center",FI,43
24194,"Functionalist architecture in Finland",FI,43
8734,"Hiking in South Africa",ZA,43
22169,"Lighthouses",EG,42
24066,"Via Egnatia",GR,42
12099,"Monaco",FR,42
14795,"Rømø",DK,42
16736,"St. Pete Beach",MX,42
24693,"Lusatian Lake District",NZ,42
3548,"Atlanta/East",US,42
13922,"Perhentian Islands",MY,42
24795,"Tourist Drive 33",AU,42
11778,"Melilla",MA,42
22357,"Aviation history",FR,42
4124,"Beirut/Downtown",LB,42
24966,"Vakka-Suomi countryside",FI,41
21799,"Pasir Gudang",SG,41
7572,"La Fortuna",CR,41
23368,"Fortifications",CN,41
22817,"Cycling the Western Sahara",MA,41
23500,"Biomes and ecosystems",AU,41
25241,"Tiszafüred",HU,41
4403,"Birmingham",US,41
20013,"Judaism",EG,41
11142,"Luhansk",RU,41
22598,"Iskandar Puteri",SG,41
13675,"Panama City Beach",ES,41
21886,"Mining tourism",EG,40
20713,"Pyeongchang",KR,40
14026,"Phu Quoc",TH,40
23369,"Grand houses",JP,40
20963,"Kimitoön",FI,40
16664,"St Helens (Tasmania)",AU,40
26107,"Turkish TV series tourism",TR,40
17538,"Tornio",SE,40
21497,"World War II in Europe",DE,40
26959,"Montseny Natural Park",ES,40
4360,"Australia's big things",AU,40
23997,"Indonesian cuisine",ID,40
21042,"Ghost towns",IT,40
20259,"Vikings and the Old Norse",CA,40
28102,"National parks in Thailand",TH,40
20635,"Military museums and sites in Australia",FR,40
6716,"Diving in Thailand",TH,39
27499,"Pocheon",KR,39
4532,"Bohemian Paradise",CZ,39
19615,"Kronstadt",FI,39
4250,"Berlin/East Central",DE,39
23682,"Pacsa",HU,38
13273,"Odsherred",DK,38
19988,"Copenhagen Airport",SE,38
9974,"Kincardine (Ontario)",CA,37
4541,"Bokaro Steel City",IN,37
2582,"Bergen",NO,36
5856,"Chugoku 33 Kannon Temple Pilgrimage",JP,36
24381,"Go",JP,36
23584,"Kamenice nad Lipou",CZ,35
26484,"Tzoumerka National Park",GR,35
15405,"Samsø",DK,34
14391,"Poulsbo",NO,34
8440,"Haman County",KR,34
13607,"Pakse",JP,34
7942,"Glacier National Park (Montana)",CA,34
9888,"Kgalagadi Transfrontier Park",ZA,34
21057,"Semenic-Caraș Gorge National Park",RO,33
17303,"The Catlins",NZ,33
16861,"Sur",CN,33
13812,"Patras",IT,33
19773,"Samoeng Loop",TH,33
13347,"Ollantaytambo",PE,33
24738,"Encs",HU,33
17065,"Taman Negara",MY,33
24685,"Georgian cuisine",US,32
5094,"Cairo/East",EG,32
16152,"Sigulda",CH,32
16170,"Sillamäe",FI,32
13842,"Peace River (Alberta)",CA,32
6763,"Dong Hoi",CN,31
13536,"Oxapampa",PE,31
22462,"Flores (Azores)",PT,31
15657,"Sa Pa",CN,31
24789,"LaGuardia Airport",CA,31
6102,"Comoros",FR,31
28135,"Hadong",CN,31
7445,"Finland in ten days by car",FI,30
23696,"Reefton",NZ,30
20037,"Laponia",NO,30
12509,"Mysen",NO,30
16672,"St. Jacobs (Ontario)",CA,30
13870,"Pelister National Park",GR,29
26363,"Military and police ceremonies",CA,29
4627,"Kathmandu/East",NP,29
24019,"Arts in Japan",JP,29
24210,"Pelkosenniemi",SE,28
8447,"Hamelin",NL,28
26135,"Hiking in Kosciuszko National Park",AU,28
15561,"San Pedro de Atacama",CL,28
23156,"Spies and secrets",GB,28
23045,"Stećci Medieval Tombstones Graveyards",HR,28
25459,"Zec du Gros-Brochet",CA,28
15200,"Saaremaa",DE,27
26389,"Swedish Grace tour",SE,27
27380,"Haciendas",ES,27
11714,"Mývatn",IS,27
5871,"Chuy",PT,27
8102,"Grand Case",MF,27
19565,"Koroni",GR,27
16833,"Sundarbans National Park",IN,26
27327,"Legacy food markets",JP,26
21615,"Prehistoric Europe",GR,26
18154,"Vietnam",VN,26
17932,"Utsjoki",NO,26
12647,"Narva",DK,26
15706,"Saturna Island",CA,26
24964,"Rymättylä",FI,26
22537,"European art",JP,26
3551,"Atlanta/West",US,26
4112,"Beijing/Northern Suburbs",CN,26
23644,"Moravian Karst",CZ,25
22123,"Dong Van Karst Plateau Geopark",CN,25
24962,"Paimio",FI,25
26278,"Ilmajoki",FI,25
25998,"Askola",FI,25
10669,"Lüderitz",PT,25
22701,"Savinja and Šalek Valley",AT,25
26130,"Danish Empire",NO,25
6908,"East Bohemia",CZ,25
19740,"Marathon race",JP,25
26301,"Bad Staffelstein",CH,24
8892,"Huay Xai",TH,24
27786,"Höga Kustenleden",SE,24
26290,"Bella Coola",CA,24
13516,"Ouray",CH,24
26954,"Linnanmäki",FI,24
17266,"Terra Nova National Park",PT,24
28018,"Tatehuarí Huajuyé",MX,24
10594,"Lappajärvi",SE,24
4116,"Beijing/Southern Suburbs",CN,24
19665,"Taipa-Mangonui",NZ,23
2810,"Tour de 2 dias em Melilha",ES,23
6377,"Cuyahoga Valley National Park",MX,23
10437,"Lahemaa National Park",FI,23
8929,"Huanchaco",PE,23
22945,"Manazuru",FR,23
24977,"Nordic monarchies",NO,23
25958,"Saint-Aimé-des-Lacs",CA,22
13602,"Paju",KR,22
8612,"Höfn",IS,22
24138,"Didsbury and Carstairs",CA,21
24394,"In the footsteps of explorers",TR,21
16422,"South Caicos",TC,21
28274,"Hinsdale (Massachusetts)",PE,21
25382,"Adjuntas",CH,21
5843,"Choquequirao",PE,21
18172,"Village at Blue Mountain",CA,21
9795,"Keetmanshoop",ZA,21
5091,"Cairo/Garden City",EG,21
8110,"Grand Falls",DK,21
10691,"Lednice–Valtice Cultural Landscape",CZ,21
21553,"Nordic history",NO,20
20076,"Sami culture",RU,20
17913,"Urubamba",PE,20
23643,"Vulcan (Alberta)",CA,20
23221,"Karamea",NZ,20
20397,"Loviisa",RU,20
27208,"Baja Whale Trail",MX,20
22547,"Trece Martires",PH,20
23318,"Textiles",PE,20
8885,"Hortobágy",HU,20
26841,"Mexican artesanias",MX,20
15171,"Rurrenabaque",BO,20
17909,"Urmia",TR,20
20643,"Zruč nad Sázavou",CZ,20
21814,"Astrid Lindgren tourism",SE,20
7897,"Giant Mountains National Park",PL,20
21661,"Raetihi",NZ,20
14122,"Placentia (Newfoundland)",CA,19
11818,"Meriden (Connecticut)",MX,19
26305,"Nastola",FI,19
14120,"Placencia",US,19
26951,"Marttila",FI,19
21392,"Road 63 (Norway)",NO,19
12874,"New Ulm (Minnesota)",US,19
13793,"Passu",CN,19
19797,"Yeonpyeong Island",KR,19
16981,"Tachileik",TH,19
12977,"Nordkapp",NO,19
11324,"Makarska",HR,19
21496,"World War I",FR,19
24961,"Sauvo",FI,18
9606,"Kampinos National Park",PL,18
25179,"Buddhist Circuit",IN,18
26457,"Pudasjärvi",FI,18
13960,"Petawawa",DE,18
23065,"Wooden tserkvas of the Carpathian region",PL,18
26052,"Kaskinen",FI,18
16975,"Taberg",SE,18
6577,"Delta Works",NL,18
6971,"Eastport (Newfoundland)",CA,18
22192,"Cycling in the Achterhoek",NL,18
21557,"War of 1812",US,17
26565,"Tohmajärvi",FI,17
26206,"Viking (Alberta)",NO,17
18720,"Winkler",RU,17
18300,"Waitomo",NZ,17
25205,"Jomon Prehistoric Sites in Northern Japan",JP,17
15891,"Selkirk (Manitoba)",CA,17
16919,"Sydfynske Øhav",DK,17
22744,"Kebnekaise",SE,17
23730,"Utö (Finland)",SE,17
6700,"Disabled travel in South Africa",ZA,17
27160,"Bullfighting",PT,17
18308,"Wakefield (New Zealand)",NZ,17
7416,"Ferghana",CN,17
24364,"Japanese colonial empire",JP,17
24589,"Nobel tourism",NO,17
14458,"Princeton (British Columbia)",CA,16
4254,"Bernal",MX,16
14012,"Phimai",TH,16
25483,"Japanese gardens",JP,16
27489,"Bréhat",FR,16
20279,"Kalajoki",SE,16
21805,"Acadia",FR,16
13853,"Pedasi",PA,16
27232,"Aš",CZ,16
8239,"Grodno",PL,16
5504,"Central Ukraine",UA,16
16651,"Stewart",CA,16
24884,"Gelephu",SG,16
16880,"Sussex (New Brunswick)",CA,16
7203,"Ephesus",GB,16
24528,"Orivesi",FI,16
22797,"Pottenstein",DE,16
11537,"Mariánské Lázně",CZ,15
14164,"Plitvice Lakes National Park",HR,15
6742,"Doi Inthanon National Park",TH,15
9630,"Kanha National Park",IN,15
15285,"St. Lawrence",CA,15
6391,"Dabu",CN,15
18678,"Williamstown (New Jersey)",IE,15
17436,"Tivat",ME,15
25094,"Ritsem",SE,15
23417,"Geraldton (Ontario)",CA,15
24776,"Parkano",NO,15
18165,"Vilcabamba",PE,15
18372,"Warroad",BR,15
11219,"Macau/Coloane",PT,15
17952,"Vadstena and Ödeshög",SE,15
21357,"Romney Marsh",FR,15
22143,"Mongol Empire",KR,15
12313,"Mount Aspiring National Park",NZ,15
19290,"Nackawic",CA,15
27682,"Amatlán de Cañas",MX,15
26188,"Saint-Amable",CA,15
15216,"Sackets Harbor",CA,15
7282,"European route E39",NO,14
23641,"Chess",IN,14
15345,"Salento",CO,14
14132,"Plant City",IE,14
15953,"Seychelles",SC,14
17511,"Tongariro National Park",NZ,14
20433,"Riksgränsen",NO,14
25994,"Pertunmaa",FI,14
13139,"Notodden",NO,14
15145,"Royal Natal National Park",ZA,14
25157,"Protected areas of the Nullarbor",AU,14
23858,"Waterford (Ontario)",CA,14
26224,"Myrskylä",SE,14
23993,"Stokmarknes",NO,14
24948,"Kuhmoinen",FI,14
16658,"St George (Queensland)",AU,14
24264,"Utrechtse Heuvelrug",DE,14
16976,"Table Mountain National Park",ZA,14
24860,"Carman (Manitoba)",CA,14
22240,"Lüdinghausen",NL,14
6568,"Delphi",GR,14
4080,"Beaver Creek",CA,14
18775,"Wonsan",JP,13
11956,"Milford Sound",NZ,13
3475,"Ascension",PT,13
24335,"Bus travel in the Philippines",PH,13
10192,"Ko Sichang",TH,13
17706,"Tsitsikamma National Park",ZA,13
22921,"Novo Selo",GR,13
21096,"Iron Gates Natural Park",RO,13
21720,"Signs",ES,13
26840,"Pomarkku",FI,13
18380,"Wartrail and New England",ZA,13
21318,"Boac",PH,13
18273,"Wadden Sea National Park",DE,13
20547,"Minca",CO,13
17573,"Tory Island",IE,13
23037,"Australian Convict Sites",AU,13
24492,"New Administrative Capital (Egypt)",EG,13
27343,"Las Leñas",AR,13
7122,"El Malpais National Monument",MX,13
15912,"Senmonorom",VN,13
16693,"Stołowe Mountains National Park",ZA,13
14095,"Pisac",PE,13
21235,"Hell-Ville",TH,13
23216,"Longlac",CA,13
24449,"Glückstadt",DK,13
25985,"Sprengisandur",IS,13
24853,"Souris (Manitoba)",CA,13
22601,"Lord of the Rings tourism",NZ,12
20603,"Lemmenjoki National Park",NO,12
24774,"Hämeenkyrö",FI,12
13551,"Oze National Park",JP,12
28441,"Diwali",GB,12
19363,"Waihi Beach",NZ,12
27371,"Tamsahelte",MA,12
20241,"Bayham (Ontario)",CA,12
13002,"North Coast-Nechako",CA,12
24224,"Bothnian Sea National Park",FI,12
14532,"Puerto Varas",DE,12
24960,"Somero",FI,12
23265,"Jementah",MY,12
19806,"Gasan",PH,12
22941,"Occitanie",ES,12
24938,"National Route 83",AU,12
9054,"Ilgaz National Park",TR,12
21761,"Sacheon",KR,12
7064,"Elba",IT,12
20366,"Innisfail (Queensland)",AU,12
14258,"Poring Hot Spring",MY,12
20290,"Biesbosch National Park",NL,12
26724,"Micronations",AU,12
12147,"Monte Albán",MX,12
25486,"Cape Byron State Conservation Area",TR,12
20396,"Clinton (Ontario)",CA,12
4400,"Birgunj",IN,12
16328,"Sodwana Bay",ZA,12
21597,"Indigenous cultures of South America",PT,11
14314,"Port Klang",ID,11
3279,"Angola (Indiana)",US,11
27298,"Concepción de Ataco",MX,11
20220,"Lordsburg",MX,11
3291,"Anlong Veng",TH,11
21297,"Knokke-Heist",NL,11
25356,"Budderoo National Park",AU,11
5603,"Charleville",AU,11
11293,"Magnolia (Arkansas)",US,11
26124,"Glass House Mountains",AU,11
16506,"Southwest Washington",CA,11
26518,"Tambrauw Regency",ID,11
21828,"Central Bohemian Uplands",CZ,11
16180,"Silverton (Colorado)",US,11
18297,"Wairarapa",NZ,11
26701,"Paanajärvi National Park",FI,11
7128,"Elmira (Ontario)",DE,11
25950,"Karijini National Park",AU,11
9977,"King's Highway",FI,11
26567,"Oribi Gorge Nature Reserve",ZA,11
20925,"Saint-Claude",FR,11
23084,"Hajdú-Bihar County",HU,11
27628,"Tonatico",MX,11
9016,"Ibarra",CO,11
26528,"Toivakka",FI,11
24182,"Hanna (Alberta)",CA,11
27204,"Maxcanú",MX,11
26839,"Cuetzalan",MX,11
26619,"Utajärvi",FI,11
4129,"Beirut/Verdun",LB,11
26681,"St. Christoph",AT,11
9980,"Kingaroy",AU,10
3744,"Baiona",ES,10
22954,"Cambron-Casteau",BE,10
26911,"Inland Central Ostrobothnia",FI,10
7531,"Forestville",CA,10
22523,"Christmas and New Year travel",ES,10
26574,"Oripää",FI,10
18614,"Whangaroa",NZ,10
4543,"Bol",HR,10
11229,"Machadodorp",ZA,10
21488,"Vacation camp",FR,10
13298,"Ojców National Park",PL,10
4253,"Bermuda",IE,10
24626,"Mismaloya",MX,10
12913,"Nikel",NO,10
21523,"Tenhippalam",BR,10
5325,"Carnarvon",AU,10
17849,"Uliastai",RU,10
25858,"Bonham (Texas)",US,10
22725,"Great Otway National Park",AU,10
17757,"Tunku Abdul Rahman National Park",MY,10
24923,"Hill stations in Pakistan",IN,10
24299,"Sakura",NL,10
16529,"Spencer (West Virginia)",US,10
6346,"Culebra",PR,10
13364,"Omarama",NZ,10
19658,"Hveragerði",IS,10
13661,"Pamirs",CN,10
27443,"Bieszczady National Park",PL,10
8548,"Hasle",DK,10
22989,"Swiss National Park",IT,10
9353,"Jökulsárlón",IS,10
13155,"Nové Město pod Smrkem",PL,10
21725,"Berrima",AU,10
2482,"Londres/Camden",US,10
16440,"Southern Tasmania",AU,10
21979,"Wheaton (Illinois)",BR,10
25153,"Philosophy tourism",CH,10
21036,"Nera Gorge-Beușnița National Park",RO,10
258,"Bermudas",GB,9
20257,"Cimaja",ID,9
24659,"Whataroa",NZ,9
28115,"Botnialeden",SE,9
23931,"Horse racing",AU,9
18027,"Vanderkloof",ZA,9
26184,"Nightcap National Park",AU,9
6179,"Jim Corbett National Park",IN,9
26704,"Kärsämäki",FI,9
11295,"Magnolia (Texas)",US,9
25150,"Braveheart tourism",IE,9
21747,"20th-century South Africa",ZA,9
15743,"São Filipe",CV,9
19395,"Spiritwood",CA,9
23938,"Tamu",TH,9
26871,"Haapavesi",FI,9
23087,"Le Locle",CH,9
26219,"Vuolijoki",FI,9
13606,"Paksan",VN,9
24773,"Juupajoki",FI,9
27939,"Gränsleden",NO,9
26572,"Mkuze Game Reserve",ZA,9
18252,"Voyageurs National Park",CA,9
27308,"Border Ranges National Park",AU,9
17993,"Valles Calchaquíes",AR,9
22318,"Banten (town)",ID,9
14633,"Quechua phrasebook",AR,9
21163,"Indus Valley Civilisation",IN,9
3841,"Bandel",PT,9
19438,"Rathlin Island",IE,9
17430,"Tissamaharama",LK,9
19499,"Lauca National Park",CL,9
5422,"Catoosa",MX,9
14826,"Red Rock (Ontario)",CA,9
25832,"Weslaco (Texas)",MX,9
22385,"Kornati National Park",HR,9
22501,"Irvinestown",IE,9
23856,"Fortune",PT,9
22137,"Holašovice",CZ,9
27971,"Cimarron",MX,9
22198,"T. Narsipur",IN,9
17534,"Torbay",NZ,9
18352,"Ward",NZ,9
16119,"Siargao",PH,9
11558,"Marion Bay",AU,9
18583,"West Rand",ZA,9
26845,"Tablas",PH,8
10281,"Kūaotunu",NZ,8
23595,"Červená Lhota",CZ,8
15179,"Rust",AT,8
27961,"Ihuatzio",MX,8
175,"Áustria",AT,8
1616,"Salzburgo",DE,8
5623,"Charm",MX,8
28369,"Lake Waikaremoana Great Walk",NZ,8
20513,"La Grange (Texas)",CZ,8
8270,"Guam",US,8
2598,"Canton",US,8
22630,"Addington Highlands",CA,8
23291,"Korean cuisine",CN,8
2105,"Vila Nova de Gaia",PT,8
9181,"ISimangaliso Wetland Park",ZA,8
9334,"Japan's Top 3",JP,8
911,"Katmandu",PT,8
12550,"Nahanni National Park Reserve",CA,8
15881,"Sekupang",SG,8
611,"Escandinávia",NO,8
26712,"Etruscans",IT,8
2653,"Birmingham",US,8
7148,"El Salvador",CL,8
1072,"Matina Franca",PT,8
12317,"Mount Bandai",JP,8
25147,"RFDS tourism",AU,8
23124,"Ramkhamhaeng National Park",TH,8
27704,"Chalcatzingo",MX,8
6732,"DMZ (Vietnam)",VN,8
22332,"Sawarna",ID,8
2815,"Ako",JP,8
1332,"Parque Nacional dos Lagos de Plitvice",HR,8
7476,"Flaxmere",NZ,8
2344,"Sa Pa",CN,8
16439,"South East Queensland",AU,8
3424,"Arizona",MX,8
168,"Ática",GR,8
215,"Barbados",VE,8
1085,"Melgaço",PT,8
18639,"White Sands National Park",MX,8
23363,"Sant'Erasmo",AT,8
7186,"Englewood (Florida)",MX,8
6271,"Cradle of Humankind",ZA,8
26209,"Nusantara",ID,8
21758,"Campbell Town",AU,8
26783,"Rääkkylä",FI,8
2512,"Macau/Península",CN,8
26924,"Gedong Tataan",ID,8
20820,"Castletownbere",IE,8
1190,"Nova Odessa",PT,8
28345,"Dačice",CZ,8
5655,"Chedworth",GB,8
7627,"Fraser Valley",CA,8
10582,"Laos",TH,8
22509,"Măcin Mountains National Park",RO,8
945,"Laos",TH,8
8744,"Hillsborough (Northern Ireland)",IE,8
1203,"Novo Laredo",PT,8
21449,"Montebello (Quebec)",MX,8
26340,"Modisi",ID,8
16910,"Sweden",SE,8
12658,"Nassau (Germany)",DE,8
21834,"Karesuando",SE,8
24448,"Friedrichstadt",NL,8
1856,"Taipei",CN,8
22831,"Sulitjelma",NO,8
525,"Cuba",CU,8
24287,"West Bohemian Spa Triangle",CZ,8
14049,"Piha",NZ,8
23003,"Chaitén",CL,8
11524,"Maremma",IT,8
19937,"Arau",TH,8
20793,"Thumrait",OM,8
18373,"Warrumbungle National Park",AU,8
25550,"Sainte-Ursule",CA,8
166,"Atenas",GR,8
12398,"Muang Ngeun",TH,8
20802,"Champlain and Rouses Point",CA,8
13387,"Opatija",HR,8
2327,"Belmonte",PT,8
15558,"San Patricio-Melaque",BR,8
27101,"Savonranta",FI,8
19861,"Crewe (Virginia)",US,8
17902,"Urban camping in Japan",JP,8
23189,"Carl Linnaeus tourism",NL,8
8389,"Hafjell",NO,8
28422,"Tunuyán",AR,8
163,"Assunção",ES,8
16116,"Shuswap",CA,7
269,"Bloomington-Normal",PT,7
28265,"K-pop",KR,7
26870,"Haapajärvi",FI,7
17996,"Valley of 1000 Hills",ZA,7
18554,"West Jutland",DK,7
26155,"Kisantu",PT,7
18810,"Worthington (Minnesota)",US,7
21663,"Krapinske Toplice",HR,7
16721,"Stonewall (Texas)",US,7
26283,"Franquelin",CA,7
17118,"Tarapoto",PE,7
26883,"Ristijärvi",FI,7
15138,"Routeburn Track",NZ,7
18887,"Yamba",AU,7
15739,"Sânnicolau Mare",RO,7
25456,"Zec Borgia",CA,7
20189,"Årjäng",NO,7
7888,"Ghangaria",IN,7
28040,"General Terán",MX,7
18059,"Vágar",FO,7
27897,"Roslagsleden",SE,7
17609,"Rail travel in New Zealand",NZ,7
27728,"San Mauro Mare",IT,7
22578,"Kilbirnie",NZ,7
23283,"Jasin",MY,7
25731,"Nilpena Ediacara National Park",AU,7
19514,"Merowe",SD,7
25964,"North Sea Trail",DE,7
13086,"North Lombok",ID,7
15224,"Safiental",CH,7
21986,"Cumilla",IN,7
26420,"Ausgram",IN,7
13542,"Oxley Wild Rivers National Park",AU,7
26413,"Siikainen",FI,7
2117,"Villa Mercedes",PT,7
7371,"Fanø",DK,7
9809,"Kemaman",MY,7
26877,"Tuusniemi",FI,7
13511,"Ouidah",TR,7
18296,"Waipukurau",NZ,7
28091,"Phu Toei National Park",TH,7
21829,"Bohemian Switzerland National Park",DE,7
26838,"E69",NO,7
19898,"Stuart Island",CA,7
25552,"Zirc",HU,7
18482,"Wellingborough",FR,7
19454,"Marakele National Park",ZA,7
1320,"Parque Nacional de Comoé",PT,7
22382,"Dugi Otok",HR,7
28288,"Chapleau",CA,7
23256,"Sandane",NO,7
7973,"Glenorchy",NZ,7
19165,"Muurame",FI,7
17315,"Thenmala",IN,7
12899,"Güzelyurt (Northern Cyprus)",TR,7
26178,"Jorgucat",GR,7
3045,"Alderney",FR,7
19487,"Pom Pom Island",MY,7
17301,"Thaton (Thailand)",TH,7
22815,"Kaechon",KR,7
22363,"Rengasdengklok",JP,7
27159,"Castellnou de Seana",ES,7
22115,"Grenå",SE,7
23874,"Thandwe",MM,7
1400,"Phuentsholing",PT,7
15247,"Saimaa",FI,7
1330,"Parque Nacional de Nahanni",PT,7
13450,"Oryol",UA,7
22967,"Celts",ES,7
6934,"East Estonia",RU,6
11257,"Madidi National Park",PE,6
23281,"Laiyuan County",CN,6
13113,"Northwest Washington",CA,6
28364,"Krnov",PL,6
26723,"Neom",EG,6
21619,"Bai Tu Long Bay",VN,6
16431,"Southeastern Alaska",CA,6
4363,"Big White",CA,6
14935,"Riederalp-Bettmeralp",CH,6
15397,"Sam Neua",VN,6
21326,"Mapungubwe National Park",ZA,6
21212,"Curacautín",CL,6
10083,"Ko Bulon Leh",TH,6
25263,"Dharug National Park",AU,6
26391,"Maurya Empire",CN,6
7960,"Glencolmcille",IE,6
26566,"Amatikulu Nature Reserve",ZA,6
19359,"Rutherglen (Victoria)",AU,6
6905,"Eagle Nest",MX,6
21572,"Albenga",FR,6
19259,"Diving at Three Kings Islands",NZ,6
10580,"Lao Cai",CN,6
26267,"Vårdö",FI,6
27984,"Zingaro Nature Reserve",IT,6
21519,"Streaky Bay",AU,6
26347,"Commerce (Georgia)",US,6
28350,"Fountains",NZ,6
19008,"Yukon - Charley Rivers National Preserve",CA,6
22002,"Reinhardswald",DE,6
20428,"Jasmund National Park",DE,6
8789,"Hoedspruit",ZA,6
26904,"East Central Finland",FI,6
9750,"Kawarthas",CA,6
23669,"Travel literature",JP,6
23101,"Uranium City",CA,6
4139,"Belen",MX,6
22171,"Karesuvanto",IT,6
18006,"Valtimo",FI,6
26246,"Multia",FI,6
22158,"Anambas",CN,6
20046,"Älvkarleby",SE,6
26380,"Alberto de Agostini National Park",CL,6
24365,"Puerto Williams",AR,6
25267,"Hunter Wetlands National Park",AU,6
14807,"Recaș",RO,6
18519,"Western Arizona",MX,6
26659,"Franklin (Tasmania)",AU,6
11025,"Long Bay",NZ,6
27368,"Langøya",NO,6
26848,"Kragerø",NO,6
2985,"Ako",JP,6
11567,"Marlinton",TR,6
2106,"Vila Nova Sintra",PT,6
28258,"Mahjong",GB,6
20464,"Mpande",ZA,6
27454,"Licheń Stary",PL,6
28099,"Northwest Tyrol",IT,6
19418,"Mark Twain National Forest",TR,6
26590,"Xochicalco",MX,6
26302,"Tweedsmuir Provincial Park",CA,6
15261,"Sainte-Anne-des-Lacs",CA,6
27503,"Horinger",CN,6
26029,"Viitasaari",NO,6
16859,"Supraśl",PL,6
15731,"Saxon Elbland",CH,6
20566,"Niepołomice",PL,6
188,"Bahariyya",GB,6
27230,"Workers’ Assembly Halls",AU,6
27685,"Idlib",TR,6
27189,"Regimental Museums",GB,6
23744,"ǁKaras",ZA,6
7500,"Florida Panhandle",MX,5
21041,"Săpânța",RO,5
5494,"Central Newfoundland",CA,5
140,"Argel",DZ,5
27126,"Woodland Park",BR,5
11893,"Miami-Dade County",AU,5
15952,"Seyðisfjörður",DK,5
28035,"Enfidha",TN,5
20091,"Båstad",SE,5
27940,"Jämtlandsleden",SE,5
17307,"The Forest Way",GB,5
28094,"Namtok Chet Sao Noi National Park",TH,5
26226,"Jacobabad",IN,5
15267,"Saint George (Florida)",MX,5
26471,"Tombstone Territorial Park",CA,5
24701,"Haytor Vale",GB,5
22482,"Songnisan National Park",KR,5
25632,"Altar Valley",MX,5
3761,"Bakhchysarai",TR,5
19522,"Diving the Alderman Islands",NZ,5
1348,"Parque Nacional dos Everglades",PT,5
26324,"Pribaikalsky National Park",CA,5
24699,"Patara",TR,5
20316,"Minerve",FR,5
26211,"Keitele",FI,5
2027,"Vitória (Canadá)",PT,5
27520,"Cerro Castor",AR,5
28466,"Street-running trains",VN,5
15241,"Saharan Morocco",MA,5
15579,"Santa Barbara County",EG,5
20604,"Marado Island",KR,5
27641,"Hatoma",JP,5
5491,"Central Laos",TH,5
26941,"Nousiainen",FI,5
20247,"Naracoorte",AU,5
21871,"Calbiga",PH,5
12746,"Neupré",DE,5
26281,"El-Obeid",EG,5
16812,"Sulina",RO,5
16500,"Rivierenland",NL,5
1322,"Parque Nacional de Gorilas de Mgahinga",PT,5
3462,"Aruba",NL,5
16786,"New Zealand Subantarctic Islands",NZ,5
25152,"Cross River National Park",GB,5
24115,"Ashburnham",CA,5
20291,"Bize Minervois",FR,5
453,"China",CN,5
10519,"Lamayuru",IN,5
19987,"Lockhart",AU,5
27148,"L'Estany",ES,5
27305,"Jökulsárgljúfur",IS,5
21516,"World War II",DE,5
9671,"Karawaci",ID,5
27253,"Ice cream",CN,5
12320,"Mount Datuk",ID,5
867,"Jakar",PT,5
23036,"Igaliku",GL,5
19059,"Zanskar",IN,5
13079,"North Jutland",DK,5
7448,"Fiordland National Park",NZ,5
24058,"Shenkeng",JP,5
27196,"Manapouri",NZ,5
15219,"Sacramento County",MX,5
28092,"Thong Pha Phum National Park",TH,5
2464,"Rangel",PT,5
20123,"Tuchan",FR,5
25748,"Munga-Thirri–Simpson Desert National Park",AU,5
26042,"Vulkathunha-Gammon Ranges National Park",AU,5
24602,"Wadi El Natrun",EG,5
28096,"Mae Ping National Park",TH,5
26886,"Ilomantsi",FI,5
15594,"Santa Cruz de Mompox",CO,5
21352,"Huascarán National Park",PE,5
23536,"Tibasosa",CO,5
24383,"Sandvika",NO,5
21280,"Aberffraw",GB,5
15283,"Saint Kitts and Nevis",GB,4
27161,"Korean palaces",CN,4
27211,"Mariental",ZA,4
11596,"Marstrand",SE,4
1326,"Parque Nacional de Manovo-Gounda St. Floris",PT,4
11680,"Maybee",DE,4
26929,"Pielavesi",FI,4
927,"Kourou",PT,4
22835,"Los Alerces National Park",AR,4
27966,"Bamanpukur",IN,4
22052,"Paranas",PH,4
24711,"Drumshanbo",IE,4
5401,"Castletownshend",IE,4
8530,"Hartberg",AT,4
12585,"Namhae",KR,4
545,"Deli",PT,4
20289,"Mollepata",PE,4
23237,"Gulf Islands National Park Reserve",CA,4
27523,"Scott Pilgrim locations",CA,4
26160,"Arturo Merino Benítez International Airport",CL,4
27531,"Mount Sibayak",ID,4
22587,"Anholt",SE,4
7465,"Fitzgerald River National Park",AU,4
5784,"Chimayó",MX,4
20364,"Mataura",NZ,4
8878,"Hornsea",GB,4
26921,"Pyhäjoki",FI,4
15699,"Sathing Phra",TH,4
11644,"Matawai",NZ,4
28381,"Česká Kanada",CA,4
4993,"Åland",FI,4
20680,"Abington (Scotland)",GB,4
27124,"Cap Skirring",SN,4
22590,"Inland of Finland Proper",FI,4
26448,"Arthur-Pieman Conservation Area",AR,4
7061,"El Aaiún",MA,4
24011,"Driving in Japan",JP,4
25597,"Kiskunmajsa",HU,4
23032,"Bengtskär",FI,4
26379,"New Italy",IT,4
11526,"Margao",PT,4
11999,"Minlaton",AU,4
21311,"Malbazar",IN,4
21750,"Sariwon",KR,4
26881,"Puolanka",FI,4
28002,"Abbots Leigh",FR,4
15696,"Satakunta",FI,4
22320,"Saeftinghe",NL,4
7216,"Erg Chebbi",MA,4
26356,"Morne Seychellois National Park",AU,4
14297,"Port Germein",AU,4
3593,"Auschwitz-Birkenau",PL,4
22671,"Western Xia",CN,4
12491,"Mutěnice Wine Region",CZ,4
18268,"Wa",US,4
13384,"Onuma Quasi-National Park",JP,4
5686,"Cherry",PE,4
18599,"West Zealand",DK,4
23286,"Előszállás",HU,4
2771,"Villach",TR,4
26884,"Joutsa",FI,4
1615,"Salvaterra",PT,4
117,"Arábia Saudita",SA,4
26771,"Beaconsfield (Tasmania)",AU,4
26446,"Hanle",IN,4
5367,"Casino",AU,4
15842,"Sea to Sky",CA,4
10665,"Lötschental",CH,4
1747,"São Miguel do Oeste",PT,4
13951,"LaSalle-Peru",PE,4
26483,"Parikkala",RU,4
6915,"East Coulee",CA,4
16726,"Storm Lake",MX,4
5214,"Canna",GB,4
1537,"Reserva Natural das Lagoas de Santo André e de Santa Sancha",PT,4
27764,"Volcan Cosigüina",MX,4
19474,"Moose Lake (Minnesota)",US,4
19758,"Toubkal National Park",MA,4
26040,"Alpine National Park",AU,4
15386,"Samar Province",PH,4
27722,"Lago Puelo National Park",AR,4
25389,"Ceiba",PR,4
18778,"Wood Buffalo National Park",CA,4
28132,"Reisa National Park",NO,4
8013,"Golden Triangle (Thailand)",TH,4
5558,"Chàm Islands",VN,4
26264,"Minganie",CA,4
18531,"Western Transdanubia",HU,4
14669,"Quintay",CL,4
26123,"Kent Group National Park",AU,4
18630,"White Island",NZ,4
19967,"Uusimaa",FI,3
24081,"Zaouiat Ahansal",MA,3
6456,"Danube Delta",RO,3
22688,"Brenner Pass",IT,3
19052,"Zamyn-Üüd",CN,3
24557,"Axim",PT,3
11510,"Maras",PE,3
6015,"Coffin Bay",AU,3
14416,"Prairies",FR,3
25623,"Dibulla",CO,3
17772,"Turtle Islands Park",PH,3
27349,"Irabu",JP,3
23386,"Tabant",MA,3
25352,"Stronsay",GB,3
16473,"South Jutland",DK,3
27060,"Nami Island",KR,3
23917,"Diving in Saba",NL,3
25137,"Sotenäs",SE,3
23230,"Qamishli",TR,3
19154,"Diving in New Zealand",NZ,3
1875,"Tarawa",PT,3
26152,"North Arm",BR,3
19428,"Barra de Potosí",MX,3
21360,"Icelandic hot springs",IS,3
27810,"Murjek",NO,3
17084,"Tana",FI,3
25906,"Murujuga National Park",AU,3
7890,"Ghat (Libya)",IT,3
12580,"Namaqua National Park",ZA,3
27771,"Monte Leon National Park",AR,3
17591,"Town Krk",HR,3
8938,"Huayna Potosí",CL,3
27456,"Šilutė",DE,3
17618,"Trans-Siberian Railway",CN,3
26885,"Pihtipudas",FI,3
7776,"Garden City (Michigan)",BR,3
19627,"Kati Thanda-Lake Eyre National Park",AU,3
11392,"Manawatu",NZ,3
2412,"Mae Sai",TH,3
1503,"Puerto Quijarro",PT,3
26653,"Constitution 1857 National Park",MX,3
26774,"Fertile Crescent",TR,3
10107,"Kohoku",JP,3
26691,"Paltamo",FI,3
11589,"Marshall Islands",AU,3
27027,"Uiryeong",KR,3
23264,"French Island",AU,3
24613,"Porrentruy",CH,3
23868,"Fort Liberté",FR,3
13873,"Pelorus Bridge",NZ,3
17115,"Taranaki",NZ,3
21701,"Älvsbyn",SE,3
14940,"Rifle",US,3
2529,"Tourist Drive 33",AU,3
16873,"Suriname",BR,3
21246,"Liquiçá",PT,3
8651,"Hellvik",NO,3
26119,"Patagonia National Park (Chile)",CL,3
28351,"Jovellar",PH,3
13664,"Pampas",AR,3
27900,"Yumurtalık",CN,3
18562,"West Lombok",ID,3
14707,"Rainbow Beach (Queensland)",AU,3
23173,"Paekākāriki",NZ,3
145,"Arquipélago de Anavilhanas",BR,3
17884,"Upcountry Árnessýsla",IS,3
14656,"Queyras",FR,3
26610,"Taranna",AU,3
22938,"Auvergne-Rhône-Alpes",FR,3
21310,"Wallachian Plain",RO,3
24351,"Shlisselburg",RU,3
22665,"Chablis",FR,3
4659,"Bra",IT,3
20914,"Haĺšany",PL,3
26553,"Bonampak",MX,3
942,"La Libertad",PT,3
26891,"Evijärvi",FI,3
23749,"Southern Great Plain",HU,3
16308,"Snæfellsjökull National Park",IS,3
26905,"Suomenselkä countryside",FI,3
7400,"Făgăraș",GB,3
27427,"Wadi al-Dawasir",SA,3
15002,"Robben Island",PT,3
26263,"Palashi",IN,3
22181,"Archipelago Trail",FI,3
14157,"Pleasant Point",NZ,3
16895,"Svealand",SE,3
16491,"South Texas Plains",MX,3
18893,"Yanbian",CN,3
23626,"Weather records",AU,3
21085,"Râu de Mori",RO,3
27317,"Rydal",AU,3
5975,"Clonmacnoise",IE,3
13352,"Oltrepò Pavese",IT,3
15178,"Russia to Japan via Sakhalin",JP,3
25468,"Cattai National Park",AU,2
5098,"Cai Rong",VN,2
4174,"Belogorsk",RU,2
1648,"San Marino",IT,2
1832,"St. James",PT,2
393,"Capital (Venezuela)",VE,2
2455,"Baucau",PT,2
5527,"Chałupy",PL,2
16355,"Solomon Islands",PE,2
16415,"South Atlantic Coast (Morocco)",MA,2
3975,"Basaseachic Falls National Park",MX,2
22507,"Torngat Mountains National Park",CA,2
24527,"Guanajay",ES,2
19390,"Bhimashankar",IN,2
2014,"Urmia",PT,2
25013,"Rail travel in Cuba",FR,2
22795,"Pyramiden",SE,2
21818,"Smara",ES,2
152,"Arua",PT,2
7835,"Geauga County",BR,2
21098,"Bavarian Forest National Park",CZ,2
18553,"West Iceland",IS,2
9655,"Kappil",IN,2
26027,"Vännäs",SE,2
24683,"Des Grèves Regional Park",CA,2
12683,"Navajo Nation",US,2
23751,"Hardap",ZA,2
2468,"Sri Jayawardenapura Kotte",PT,2
26504,"Kosi Bay Nature Reserve",ZA,2
22576,"Hvaler",NO,2
20356,"Angangueo",MX,2
10257,"Krutyń",PL,2
2834,"Rfnmgf",PT,2
19787,"Nankana Sahib",IN,2
27905,"Sahagún",ES,2
13843,"Peace Country",CA,2
14687,"Radal Siete Tazas National Park",CL,2
9910,"Bolshekhekhtsirsky Nature Reserve",RU,2
11668,"Mauricie",CA,2
18589,"West Sumatra",ID,2
17532,"Topslip",IN,2
682,"Gadamés",PT,2
21374,"Hampyeong",KR,2
24225,"Karkali Strict Nature Reserve",FI,2
8149,"Grasslands National Park",CA,2
20913,"Travels of Hans Christian Andersen",DK,2
1329,"Parque Nacional de Murchison Falls",PT,2
7131,"El Morro",MX,2
6586,"Dengue fever",AU,2
22780,"Tåsinge",DK,2
17146,"Tasiilaq",IS,2
893,"Jordânia",PT,2
20153,"Varvara",TR,2
26592,"Glenholme Nature Reserve",ZA,2
20519,"Val Camonica",IT,2
28193,"Ichkabal",MX,2
27243,"Skiing on Mt Ruapehu",AU,2
24340,"Boating in Finland",NL,2
25487,"Szada",HU,2
8355,"Gwaii Haanas National Park Reserve",CA,2
27206,"Kabah",MX,2
16987,"Tada Falls",IN,2
7927,"Gir Forest National Park",IN,2
26315,"Rangsang",ID,2
21618,"Ba Be National Park",VN,2
1831,"St. Clair",PT,2
27773,"Río Pilcomayo National Park",AR,2
23503,"Climbing Mount Semeru",ID,2
17840,"Ujung Kulon National Park",ID,2
26564,"Damphu",IN,2
25991,"Cap Tourmente National Wildlife Reserve",CA,2
4777,"Bristol-Norfolk",GB,2
19498,"Laguna San Rafael National Park",CL,2
11508,"Maramureș",RO,2
17957,"Valaam",RU,2
24150,"Montalto delle Marche",IT,2
13619,"Palau",PH,2
22897,"Maamigili",MV,2
13063,"Northern Quebec",TR,2
3318,"Antioquia",CO,2
15210,"Sabha",TR,2
8158,"Gröbming",AT,2
12680,"Nausori",FJ,2
13051,"Northern Isaan",TH,2
26677,"Glenridding",GB,2
4190,"Bendery",UA,2
22528,"Steam power",GB,2
20729,"Nampho",KR,2
16449,"Southern Coast (Peru)",PE,2
7151,"Elsthorpe",NZ,2
1335,"Parque Nacional de Salonga",PT,2
18555,"West Kalimantan",ID,2
4361,"Bigul",IN,2
172,"Auschwitz",PL,2
7790,"Gariep Dam",ZA,2
10863,"Linden (New Jersey)",PL,2
26196,"Fossholl",IS,2
25919,"Sprague",CA,2
26658,"Cabo de Hornos National Park",CL,2
3300,"Annobón",PT,2
25564,"Judith-De Brésoles Ecological Reserve",CA,2
23233,"Aulavik National Park",CA,1
21691,"Sunwal",CN,1
165,"Atar",PT,1
16502,"Southwest Iceland",IS,1
1344,"Parque Nacional do Banco de Arguim",PT,1
28172,"Zapotec phrasebook",MX,1
7296,"Evian",CH,1
1328,"Parque Nacional de Mole",PT,1
2817,"Parque Nacional Coiba",PT,1
28006,"Hồ Tràm",VN,1
2463,"Viana",PT,1
1337,"Parque Nacional de Simien",PT,1
11084,"Los Nevados National Park",CO,1
5780,"Chiloé National Park",CL,1
22564,"Inlandsbanan",SE,1
1353,"Parque Nacional W",PT,1
6394,"Dachstein",AT,1
2107,"Vila Real",PT,1
23990,"Saho",IN,1
1341,"Parque Nacional de Virunga",PT,1
1331,"Parque Nacional de Niokolo-Koba",PT,1
25573,"Marie-Jean-Eudes Ecological Reserve",CA,1
13032,"North-Eastern India",CN,1
24127,"Top Gear Vietnam special",VN,1
1334,"Parque Nacional de Rwenzori",PT,1
8394,"Hagfors",SE,1
3826,"Banat",RO,1
16467,"South and West Gippsland",AU,1
25329,"Stuorrahanoaivi trek",FI,1
19185,"Finland Proper",FI,1
1336,"Parque Nacional de Sete Cidades",PT,1
26600,"Garden Castle Nature Reserve",ZA,1
28169,"Yuseong-gu",KR,1
25471,"Délegyháza",HU,1
1350,"Parque Nacional Impenetrável de Bwindi",PT,1
1339,"Parque Nacional de Tassili n'Ajjer",PT,1
1325,"Parque Nacional de Luangwa Sul",PT,1
24642,"Myakka River State Park",US,1
22214,"Khangchendzonga National Park",IN,1
1349,"Parque Nacional do Vale de Kidepo",PT,1
24453,"Kızılırmak Delta Bird Reserve",TR,1
1324,"Parque Nacional de Kakum",PT,1
5554,"Chambers Pillar Historical Reserve",AU,1
13068,"North Estonia",FI,1
1321,"Parque Nacional de Garamba",PT,1
1351,"Parque Nacional Marinho de St. Anne",PT,1
27293,"Llullaillaco National Park",CL,1
1338,"Parque Nacional de Taï",PT,1
791,"Ilha do Maio",PT,1
23453,"Bilwi",IE,1
18509,"West Bohemia",CZ,1
1347,"Parque Nacional do Lago Malawi",PT,1
25927,"Western Tasmania",AU,1
1333,"Parque Nacional de Queen Elizabeth",PT,1
11811,"Merced County",CA,1
10619,"Lashio",CN,1
1520,"Região Floral do Cabo",PT,1
10282,"Kubah National Park",MY,1
27152,"Nordfjord",NO,1
25982,"Charlevoix Biosphere Reserve",CA,1
2473,"Cracóvia/Kazimierz",PT,1
150,"Artigas",BR,1
2262,"Lida",PT,1
24369,"Prairie Mountain",CA,1
1323,"Parque Nacional de Kahuzi-Biega",PT,1
518,"Cracóvia/Stare Miasto",PT,1
5807,"Chi Phat",TH,1
3772,"Balboa",US,1
2234,"Serguiev Possad",PT,0
747,"Hanga-Roa",PT,0
457,"Chuy",ES,0
1950,"Tóquio/Koto",PT,0
1946,"Tóquio/Ikebukuro",PT,0
1393,"Pérouges",PT,0
1548,"Resort Disney Tóquio",US,0
1935,"Tóquio/Akasaka",PT,0
2289,"Cazã",PT,0
1960,"Tóquio/Shibuya",PT,0
1968,"Tóquio/Toshima",PT,0
819,"Iráklio",PT,0
1952,"Tóquio/Minato",PT,0
1702,"Santo Tomé",PT,0
1965,"Tóquio/Suginami",PT,0
1955,"Tóquio/Odaiba",PT,0
340,"Caiena",FR,0
288,"Bordéus",PT,0
687,"Garapan",PT,0
1943,"Tóquio/Edogawa",PT,0
1966,"Tóquio/Sumida",PT,0
1948,"Tóquio/Katsushika",PT,0
1589,"Rota da Seda",CN,0
1954,"Tóquio/Nerima",PT,0
1957,"Tóquio/Roppongi",PT,0
1956,"Tóquio/Ota",PT,0
904,"Tóquio/Kabukicho",PT,0
514,"Costa do Marfim",PT,0
1951,"Tóquio/Meguro",PT,0
921,"Kolonia",PT,0
2012,"Ura",PT,0
1793,"Seul",PT,0
1941,"Tóquio/Chuo",PT,0
1204,"Nuevo Vallarta",PT,0
1949,"Tóquio/Kita",PT,0
475,"Cobija",BO,0
796,"Ilhas Colombianas",CO,0
1844,"Surt",PT,0
1937,"Tóquio/Arakawa",PT,0
1934,"Tóquio/Adachi",PT,0
1964,"Tóquio/Shiodome",PT,0
593,"El Alto",PT,0
1953,"Tóquio/Nakano",PT,0
1809,"Síria",PT,0
1961,"Tóquio/Shimokitazawa",PT,0
1944,"Tóquio/Ginza",PT,0
1596,"Rustemburgo",PT,0
1945,"Tóquio/Harajuku",PT,0
2080,"Viajar ecologicamente",PT,0
2216,"Caminho da Iluminação",PT,0
1939,"Tóquio/Bunkyo",PT,0
1938,"Tóquio/Asakusa",PT,0
351,"Calcutá",PT,0
1936,"Tóquio/Akihabara",PT,0
1942,"Tóquio/Ebisu",PT,0
1990,"Trilha Inca",PT,0
1962,"Tóquio/Shinagawa",PT,0
2806,"Seguro para Viagem",PT,0
2484,"Londres/City of London",PT,0
1958,"Tóquio/Ryogoku",PT,0
2182,"Asten",PT,0
1967,"Tóquio/Taito",PT,0
1969,"Tóquio/Tsukiji",PT,0
181,"Avinhão",PT,0
253,"Bengasi",PT,0
2079,"Viagens de moto",PT,0
1947,"Tóquio/Itabashi",PT,0