id,nome,originalPais,currentPais,lat,lon,nearestCity,nearestCc,distKm,hotelCount
152,"Arua",PT,FR,44.06039,-0.3508658,"Mont-de-Marsan",FR,22.2,2
154,"Aruba",NL,AW,12.50136,-69.96185,"Santa Cruz",AW,2.3,4
165,"Atar",PT,SS,9.33746,31.407885,"Malakal",SS,35.2,1
166,"Atenas",GR,IT,45.63453,12.6868,"Ceggia",IT,6.8,8
175,"Áustria",AT,IT,43.7604,11.30066,"Bagno a Ripoli",IT,2.0,8
185,"Bagan",PT,MM,21.131712,94.862366,"Nyaung-U",MM,9.0,8
192,"Baie Ste. Anne",PT,CA,47.04726,-64.96257,"Beaurivage",CA,40.6,0
229,"Barra do Quaraí",BR,UY,-30.208946,-57.550514,"Bella Unión",UY,7.3,1
234,"Bartsam",PT,BT,27.37254,91.598755,"Trashigang",BT,6.2,0
264,"Bielorrússia",RU,BY,53.42506,27.697136,"Druzhny",BY,25.8,1
294,"Brabante do Norte",PT,NL,51.66667,5,"Waspik",NL,4.4,0
387,"Cantão de São Cristóvão",PT,BR,-22.9,-43.23333,"Santo Cristo",BR,3.3,0
393,"Capital (Venezuela)",VE,AR,-31.54493,-68.56254,"San Juan",AR,3.6,2
426,"Cataratas do Iguaçu",BR,AR,-25.693905,-54.43654,"Puerto Iguazú",AR,17.3,1
436,"Chacala",PT,BO,-20.172693,-66.86354,"Colchani",BO,15.9,5
445,"Chhumey",PT,BT,27.493576,90.699425,"Jakar",BT,8.1,0
454,"Chinguetti",PT,MR,20.463434,-12.366484,"Atar",MR,71.1,1
460,"Cidade do Kuwait",PT,BR,-25.532696,-54.600166,"Foz do Iguaçu",BR,2.1,0
462,"Cidade do Panamá",BR,MX,19.462324,-99.177246,"Azcapotzalco",MX,2.9,0
506,"Coreia do Norte",KR,KP,40.37366,127.08704,"Yŏch’im-dong",KP,36.3,0
514,"Costa do Marfim",PT,CI,7.989737,-5.567946,"Bodokro",CI,17.4,0
525,"Cuba",CU,US,42.21757,-78.27529,"Olean",US,20.1,8
532,"Curaçao",PT,CW,12.117649,-68.93092,"Willemstad",CW,4.9,5
549,"Deothang",GB,BT,26.86258,91.47308,"Samdrup Jongkhar",BT,7.6,0
550,"De Philae a Abu Simbel",EG,SD,22.3457,31.61624,"Wadi Halfa",SD,66.2,5
564,"Disneyland Resort Paris/Disney Village",PT,FR,48.87042,2.79082,"Esbly",FR,4.2,6
602,"El Tajín",PT,MX,20.430176,-97.381256,"Papantla de Olarte",MX,6.1,0
610,"Erongaricuaro",PT,MX,19.588808,-101.72131,"Pátzcuaro",MX,14.4,2
621,"Estados Federados da Micronésia",AU,AU,8.606235,151.83275,"Weno",FM,129.0,1
625,"Estrada Austral",AR,CL,-33.002216,-71.51905,"Viña del Mar",CL,3.9,3
632,"Extremo Oriente",JP,CL,-40.5732,-73.110306,"Osorno",CL,2.0,0
673,"Fuerteventura",PT,ES,28.400377,-14.004869,"Antigua",ES,2.7,7
674,"Fujino",PT,JP,42.9365,141.29509,"Sapporo",JP,15.1,0
687,"Garapan",PT,MP,15.207085,145.72086,"Saipan",MP,3.7,0
692,"Gavião Peixoto",PT,BR,-21.837753,-48.49285,"Nova Europa",BR,9.6,0
763,"Huatajata",PT,BO,-16.208857,-68.700485,"San Pedro",BO,16.3,0
781,"Ilha Brava",PT,BR,-18.938555,-42.039837,"Alpercata",BR,7.8,0
783,"Ilha da Boa Vista",PT,BR,-8.653101,-39.22397,"Abaré",BR,14.2,3
784,"Ilha das Mulheres",MX,BR,-20.115147,-48.34772,"Conceição das Alagoas",BR,22.7,0
786,"Ilha de Páscoa",ES,CL,-27.12593,-109.34959,"Hanga Roa",CL,8.0,1
790,"Ilha do Fogo",PT,MZ,-17.233202,38.87909,"Micolene",MZ,67.1,0
792,"Ilha do Mel",PT,BR,-25.53453,-48.310745,"Paranaguá",BR,21.6,2
797,"Ilhas de Kerama",PT,FR,48.023914,-4.095044,"Quimper",FR,3.1,1
800,"Ilhas Salomão",GB,SB,-8.705394,159.10707,"Buala",SB,82.0,6
821,"Ischgl",PT,AT,47.012024,10.291317,"Landeck",AT,25.2,3
867,"Jakar",PT,MY,2.0436838,111.49383,"Sarikei",MY,8.5,5
893,"Jordânia",PT,SA,31.166704,36.941628,"Qurayyat",SA,42.3,2
914,"Khaling",PT,IN,34.333897,76.97767,"Leh",IN,58.8,0
926,"Koure",PT,NE,13.310915,2.57563,"Kollo",NE,25.6,0
927,"Kourou",PT,ML,14.485037,-4.9621453,"Ténenkou",ML,5.8,4
940,"Laguna Yema",PT,AR,-24.25395,-61.242302,"Ingeniero Guillermo N. Juárez",AR,73.7,2
942,"La Libertad",PT,PE,-8,-78.5,"Otuzco",PE,14.4,3
952,"Las Colimas",PT,US,34.144413,-117.75502,"La Verne",US,5.0,1
986,"Loncopué",PT,AR,-38.073177,-70.61441,"Chos Malal",AR,83.0,0
1033,"Malargüe",PT,AR,-35.46838,-69.58473,"San Rafael",AR,148.3,0
1039,"Mambucaba",PT,BR,-23.025,-44.5175,"Angra dos Reis",BR,20.5,0
1057,"Marcote",CH,ES,39.964516,-3.379113,"Ocaña",ES,10.2,1
1085,"Melgaço",PT,ES,42.039192,-8.19663,"Celanova",ES,23.6,8
1100,"Mingun",PT,MM,22.041794,96.01882,"Mandalay",MM,10.0,0
1110,"Mojave",PT,US,35.05247,-118.173965,"California City",US,19.0,3
1138,"Motuca",PT,BR,-21.509586,-48.150383,"Rincão",BR,11.9,0
1139,"Mount Olive (Illinois)",PT,US,39.07222,-89.72717,"Staunton",US,8.7,2
1203,"Novo Laredo",PT,BR,-19.80238,-44.00698,"Ribeirão das Neves",BR,9.2,8
1224,"Oriente Médio",PT,CO,2.5224605,-76.39219,"Silvia",CO,10.4,0
1261,"Países Bálticos",PT,LV,56.917202,24.225681,"Dreiliņi",LV,3.1,1
1273,"Panmunjeom",KR,KP,37.955868,126.67701,"Kaesŏng",KP,10.9,8
1275,"Pantanal",BR,BO,-17.675068,-57.455338,"Puerto Quijarro",BO,35.1,2
1301,"Parque de uKhahlamba Drakensberg",PT,ZA,-28.200449,30.15621,"Glencoe",ZA,2.6,2
1304,"Parque Estadual de Vila Velha",PT,BR,-25.232994,-50.0117,"Ponta Grossa",BR,21.5,0
1320,"Parque Nacional de Comoé",PT,CI,5.1477404,-3.1658762,"Assinie-Mafia",CI,13.9,7
1321,"Parque Nacional de Garamba",PT,NI,12.104069,-86.2905,"Managua",NI,5.4,1
1322,"Parque Nacional de Gorilas de Mgahinga",PT,GB,54.84213,-5.11632,"Stranraer",GB,8.8,5
1323,"Parque Nacional de Kahuzi-Biega",PT,GB,54.84213,-5.11632,"Stranraer",GB,8.8,1
1324,"Parque Nacional de Kakum",PT,NI,12.104069,-86.2905,"Managua",NI,5.4,1
1325,"Parque Nacional de Luangwa Sul",PT,GB,54.84213,-5.11632,"Stranraer",GB,8.8,1
1326,"Parque Nacional de Manovo-Gounda St. Floris",PT,FR,50.62824,2.57045,"Merville",FR,5.3,4
1328,"Parque Nacional de Mole",PT,IT,45.15673,7.16957,"Bussoleno",IT,2.7,1
1329,"Parque Nacional de Murchison Falls",PT,UG,2.27653,31.68908,"Pakwach",UG,29.7,2
1330,"Parque Nacional de Nahanni",PT,NI,12.104069,-86.2905,"Managua",NI,5.4,7
1331,"Parque Nacional de Niokolo-Koba",PT,GN,13.07712,-12.72712,"Youkounkoun",GN,74.3,1
1332,"Parque Nacional dos Lagos de Plitvice",HR,SI,46.67196,15.92369,"Apače",SI,3.1,8
1334,"Parque Nacional de Rwenzori",PT,NI,12.104069,-86.2905,"Managua",NI,5.4,1
1335,"Parque Nacional de Salonga",PT,NI,12.104069,-86.2905,"Managua",NI,5.4,2
1336,"Parque Nacional de Sete Cidades",PT,BR,-4.0981245,-41.715492,"Piracuruca",BR,18.9,1
1337,"Parque Nacional de Simien",PT,NI,12.104069,-86.2905,"Managua",NI,5.4,1
1338,"Parque Nacional de Taï",PT,ES,42.57127,0.9599368,"Vielha",ES,19.8,1
1339,"Parque Nacional de Tassili n'Ajjer",PT,GB,54.84213,-5.11632,"Stranraer",GB,8.8,1
1341,"Parque Nacional de Virunga",PT,CD,-0.3470599,29.5388,"Lubero",CD,39.4,1
1344,"Parque Nacional do Banco de Arguim",PT,GB,54.84213,-5.11632,"Stranraer",GB,8.8,1
1347,"Parque Nacional do Lago Malawi",PT,MW,-14.059423,34.887222,"Monkey Bay",MW,4.1,1
1348,"Parque Nacional dos Everglades",PT,BR,-23.35102,-51.210014,"Londrina",BR,6.6,5
1349,"Parque Nacional do Vale de Kidepo",PT,BR,-22.467604,-44.584522,"Itatiaia",BR,3.8,1
1350,"Parque Nacional Impenetrável de Bwindi",PT,UG,-1.08056,29.66139,"Kanungu",UG,19.8,1
1351,"Parque Nacional Marinho de St. Anne",PT,US,41.02503,-87.71392,"Kankakee",US,16.2,1
1353,"Parque Nacional W",PT,AR,-28.019934,-58.07309,"Mburucuyá",AR,15.5,1
1368,"Parque Provincial dos Dinossauros",PT,BR,-25.336777,-49.442375,"Campo Magro",BR,3.7,0
1369,"Parque Transfronteiriço de Ai-Ais/Richtersveld",PT,NA,-28.76823,17.05955,"Aussenkehr",NA,56.8,3
1381,"Pedra de Lume (Ilha do Sal)",PT,CV,16.76376,-22.89349,"Espargos",CV,5.5,0
1391,"Perito Moreno",US,US,-46.591587,-70.92552,"Sarmiento",AR,181.6,8
1404,"Piedade",PT,IN,15.523768,73.898674,"Chimbel",IN,4.3,1
1503,"Puerto Quijarro",PT,BR,-19.004408,-57.71571,"Corumbá",BR,6.6,3
1512,"Rarotonga",PT,CK,-21.236832,-159.77748,"Avarua",CK,3.3,8
1527,"Reserva da Natureza do Vallée de Mai",PT,SC,-4.332,55.74007,"Baie Sainte Anne",SC,2.0,0
1528,"Reserva de Caça Ajai",PT,CL,-38.96681,-71.64653,"Cunco",CL,33.5,0
1530,"Reserva de Fauna dos Ocapis",PT,CD,1.720928,28.523476,"Wamba",CD,75.6,0
1531,"Reserva de Shai Hills",PT,GH,5.90838,0.06144,"Akropong",GH,17.8,0
1538,"Reserva Natural de Aïr e Ténéré",PT,CL,-38.96681,-71.64653,"Cunco",CL,33.5,0
1546,"Reserva Natural Integral do Tsingy de Bemaraha",PT,MG,-18.6667,44.75,"Antsalova",MG,14.0,0
1589,"Rota da Seda",CN,LV,57.65,25.75,"Valka",LV,20.8,0
1615,"Salvaterra",PT,ES,39.880413,-6.9120345,"Moraleja",ES,29.9,4
1623,"San Antonio de los Cobres",PT,AR,-24.217674,-66.31787,"San Salvador de Jujuy",AR,103.9,8
1629,"San Gimignano",PT,IT,43.4678,11.043212,"Poggibonsi",IT,8.5,6
1703,"Santuário de Fauna de de Agumatsa",PT,CL,-32.97977,-71.26713,"Limache",CL,3.8,0
1708,"São Bonifácio",PT,BR,-27.900908,-48.93261,"Paulo Lopes",BR,25.4,5
1778,"Sayulita",PT,MX,20.868925,-105.440704,"Bucerías",MX,16.4,5
1783,"Seligman",PT,US,36.5208,-93.939064,"Pea Ridge",US,17.4,8
1801,"Sierra Colorada",PT,AR,-40.587585,-67.75685,"Cervantes",AR,173.3,0
1809,"Síria",PT,SY,34.640186,39.04941,"Tadmur",SY,70.6,0
1829,"Sri Lanka",PT,LK,7.5554943,80.71378,"Matale",LK,13.9,3
1831,"St. Clair",PT,US,38.059296,-93.79455,"Clinton",US,34.4,2
1832,"St. James",PT,FR,48.5232,-1.32375,"Avranches",FR,18.1,2
1835,"St. Robert",PT,FR,45.25494,1.2935658,"Terrasson-Lavilledieu",FR,13.9,8
1839,"Sul da Ásia",PT,KR,37.46331,126.95012,"Siheungdong",KR,3.7,0
1863,"Tanegashima",PT,JP,30.591848,130.9959,"Nōkan",JP,4.3,0
1864,"Tang",PT,CN,38.744743,114.97305,"Dingzhou",CN,25.6,8
1875,"Tarawa",PT,NG,11.589992,3.9702916,"Dakingari",NG,11.9,3
1905,"Terra do Fogo",ES,AR,-54.381523,-67.5679,"Río Grande",AR,66.7,0
1923,"Tobacco Caye",PT,BZ,16.898266,-88.061676,"Dangriga",BZ,19.9,6
1925,"Tobuna",BR,AR,-26.469713,-53.891476,"San Pedro",AR,27.5,0
1926,"Tocuaro",PT,MX,19.53889,-101.69416,"Pátzcuaro",MX,9.3,0
1929,"Tolhuin",PT,AR,-54.51135,-67.195404,"Ushuaia",AR,79.4,0
1932,"Tongatapu",PT,TO,-21.166706,-175.1982,"Nuku‘alofa",TO,3.3,7
1990,"Trilha Inca",PT,PE,-13.184423,-72.588776,"Quillabamba",PE,37.4,0
1992,"Trinidad e Tobago",PT,TT,10.746691,-61.084007,"Sangre Grande",TT,18.5,1
1997,"Tsodilo",PT,BW,-18.790106,21.747517,"Shakawe",BW,48.3,0
2002,"Tupungato",PT,AR,-33.372765,-69.14757,"Mendoza",AR,60.6,0
2010,"Upolu",PT,US,20.265102,-155.85962,"Waimea",US,33.2,8
2012,"Ura",PT,RU,56.4537,50.463,"Malmyzh",RU,15.3,0
2029,"Vale dos Dinossauros",BR,AR,-25.592503,-54.516903,"Puerto Iguazú",AR,5.7,2
2048,"Wamrong",PT,BT,27.136993,91.57124,"Pemagatshel",BT,20.0,0
2060,"Vava'u",PT,TO,-18.623146,-174.00214,"Neiafu",TO,3.7,8
2072,"Xcalak",PT,BZ,18.270376,-87.83596,"San Pedro",BZ,41.7,5
2081,"Viajar economicamente",BE,ES,37.369076,-5.999419,"Sevilla",ES,2.8,0
2084,"Yadi",PT,NE,13.902016,7.007051,"Tibiri",NE,38.0,0
2092,"Zâmbia",GB,ZM,-14.518912,27.558989,"Mumbwa",ZM,74.3,8
2094,"Zinacantán",PT,MX,16.760412,-92.721794,"San Cristóbal de las Casas",MX,9.5,0
2106,"Vila Nova Sintra",PT,GW,11.678638,-15.366787,"Bolama",GW,16.4,6
2117,"Villa Mercedes",PT,VE,9.047259,-70.716095,"Timotes",VE,7.7,7
2124,"Victoria",AR,AU,-36.59861,144.67801,"Strathfieldsaye",AU,36.9,8
2127,"Vietnã",TH,VN,15.926665,107.96509,"Bà Nà",VN,6.6,15
2155,"Furnas",PT,US,40.179127,-99.8981,"Holdrege",US,53.4,0
2170,"Enviken",US,SE,60.810234,15.754437,"Falun",SE,24.0,0
2182,"Asten",PT,DE,48.097786,12.723793,"Tittmoning",DE,5.2,0
2198,"Lukla",PT,NP,27.688972,86.730675,"Lobuche",NP,29.9,1
2199,"Namche Bazaar",PT,NP,27.804167,86.70979,"Lobuche",NP,18.8,1
2216,"Caminho da Iluminação",PT,BR,-28.236574,-52.4363,"Passo Fundo",BR,4.1,0
2218,"Phong Nha-Ke Bang",PT,VN,17.555265,106.112305,"Xuân Sơn",VN,22.7,5
2243,"Cidades Históricas",PT,ES,38.96727,-5.960276,"Don Benito",ES,8.6,0
2245,"Dengue",PT,AO,-14.811026,20.756878,"Lumbala",AO,107.5,0
2261,"Parque Arqueológico de Angkor",PT,ES,43.566677,-5.705379,"Natahoyo",ES,3.5,0
2270,"Alvito",PT,IT,41.688465,13.743264,"Sora",IT,11.3,1
2284,"Lua",PT,FR,44.23073,-0.98509,"Mimizan",FR,19.7,0
2295,"Roma/Roma Velha",PT,BR,-20.43607,-40.342926,"Vila Velha",BR,12.9,1
2301,"Neeritter",NL,BE,51.162827,5.8028293,"Kinrooi",BE,4.7,8
2320,"Moxico",PT,AO,-12.72872,21.273764,"Cameia",AO,124.7,0
2327,"Belmonte",PT,ES,39.559284,-2.7038116,"Las Pedroñeras",ES,12.4,8
2358,"Bhaktapur",PT,NP,27.671114,85.42617,"Madhyapur Thimi",NP,4.0,6
2370,"Siracusa",US,PR,18.391949,-66.02987,"Eleanor Roosevelt",PR,4.5,3
2403,"Ko Chang",TH,MM,9.832075,98.45298,"Kawthoung",MM,19.8,8
2405,"Ko Lipe",TH,MY,6.487591,99.30247,"Padang Mat Sirat",MY,49.9,8
2406,"Paro",BT,ID,-4.3840647,138.23149,"Kenyam",ID,29.4,5
2411,"Pai",TH,RU,61.207226,34.441944,"Podporozh’ye",RU,36.3,8
2423,"Vinh",VN,CN,29.44574,104.414764,"Zigong",CN,36.9,4
2427,"Chukhung",PT,NP,27.904665,86.87137,"Lobuche",NP,7.7,0
2429,"Praia do Rosa",PT,BR,-28.129454,-48.641697,"Garopaba",BR,12.1,6
2463,"Viana",PT,ES,42.515472,-2.3713436,"Logroño",ES,8.5,1
2464,"Rangel",PT,CO,8.254102,-74.497246,"Montecristo",CO,5.5,5
2488,"Disneylândia",PT,BR,-20.18048,-43.9669,"Itabirito",BR,19.1,3
2537,"Crawford (Nebraska)",DE,US,42.686726,-103.41332,"Chadron",US,37.3,17
2538,"Khumbu",PT,NP,27.9693,86.82854,"Lobuche",NP,3.0,0
2542,"Ticino",IT,CH,46.33519,8.75259,"Biasca",CH,16.9,8
2544,"Point Roberts",US,CA,48.984703,-123.0678,"Tsawwassen",CA,3.7,13
2548,"La Macarena",PT,CO,2.1833827,-73.78579,"Puerto Lleras",CO,102.4,4
2585,"Kent",US,GB,51.207073,0.7210362,"Ashford",GB,12.6,8
2728,"Cuangar",AO,NA,-17.609768,18.622328,"Nkurenkuru",NA,3.6,0
2731,"Dirico",AO,NA,-17.984703,20.776932,"Ndiyona",NA,10.1,0
2733,"Rivungo",AO,AO,-16.328007,22.024546,"Senanga",ZM,134.7,0
2737,"Cazengo",PT,AO,-9.30815,14.79858,"N'dalatando",AO,12.5,0
2751,"Namacunde",AO,NA,-17.304886,15.84221,"Helao Nafidi",NA,11.1,0
2772,"Alishan",PT,TW,23.515036,120.80975,"Lugu",TW,26.4,12
2773,"Alta Galileia",PT,IL,33,35.5,"Safed",IL,3.9,6
2774,"Galileia Ocidental",PT,DE,54.066517,12.119124,"Kröpeliner-Tor-Vorstadt",DE,2.5,4
2775,"Mar da Galileia",PT,IL,32.800846,35.588974,"Tiberias",IL,5.4,6
2817,"Parque Nacional Coiba",PT,PA,7.3727164,-81.71668,"Soná",PA,83.3,1
2876,"Abkhazia",RU,GE,43.150024,41.22998,"Sokhumi",GE,25.2,2
2882,"Abu Simbel",EG,SD,22.360964,31.617912,"Wadi Halfa",SD,67.8,12
2884,"Abydos",EG,TR,40.194298,26.411268,"Çanakkale",TR,4.3,6
2938,"Agios Ioannis",GR,CY,35.074825,33.17812,"Tséri",CY,13.2,6
2948,"Aguas Calientes",PE,AR,-24.584251,-64.92321,"San Pedro de Jujuy",AR,39.7,27
2957,"Ai-Ais Richtersveld Transfrontier Park",ZA,US,39.11251,-100.35875,"Colby",US,67.5,8
2980,"Oslo region",NO,SZ,-27.237926,31.64171,"Hluti",SZ,5.7,4
2995,"Akyaka",TR,AM,40.740013,43.62381,"Azatan",AM,17.3,4
3016,"Alba County",RO,US,32.792942,-95.63441,"Lindale",US,37.3,2
3050,"Aleppo",SY,US,39.823967,-80.44618,"Moundsville",US,27.5,36
3054,"Alexander Bay",ZA,NA,-28.594788,16.482647,"Oranjemund",NA,7.2,2
3113,"Along the Grand Canal",CN,US,33.60669,-117.88922,"Newport Beach",US,3.9,4
3126,"Skiing and snowboarding",AU,US,44.509754,-87.94832,"Green Bay",US,5.8,2
3129,"Alsace",FR,US,33.982155,-118.41228,"Ladera Heights",US,3.7,1
3132,"Alta",NO,US,42.67369,-95.30399,"Storm Lake",US,8.5,12
3161,"Amalfi Coast",IT,AU,-31.912083,141.46983,"Broken Hill",AU,6.2,6
3180,"Amber Road",IT,US,37.008892,-81.27254,"Wytheville",US,18.0,27
3191,"Amelia Island",ES,US,30.607738,-81.46009,"Fernandina Beach",US,6.9,12
3194,"American Samoa",US,AS,-14.297124,-170.71315,"Pago Pago",AS,2.4,2
3220,"Amsterdam/Canal District",NL,IT,44.79532,7.99373,"Alba",IT,11.1,48
3227,"Amsterdam/West",NL,CM,5.5,10.66667,"Foumbot",CM,3.9,29
3268,"Aner Dam Wildlife Sanctuary",IN,US,32.90874,-97.58419,"Azle",US,3.9,1
3273,"Angel Fire",MX,US,36.39309,-105.28501,"Taos",US,25.8,9
3277,"Angle Inlet",US,CA,49.34302,-95.06367,"Kenora",CA,62.8,13
3359,"Apure",CO,VE,7.0473175,-68.798294,"Elorza",VE,77.2,5
3397,"Arctic",US,RO,44.87482,25.513878,"Văcăreşti",RO,3.7,1
3422,"Arisaig",GB,CA,45.760136,-62.162556,"Antigonish",CA,20.4,7
3424,"Arizona",MX,US,34.395344,-111.763275,"Camp Verde",US,20.5,8
3462,"Aruba",NL,AW,12.501363,-69.961845,"Santa Cruz",AW,2.3,5
3475,"Ascension",PT,SH,-7.942,-14.357895,"Georgetown",SH,6.1,13
3511,"Asmat",ID,ER,16.16879,38.0741,"Keren",ER,59.3,11
3520,"Astana",KZ,MY,1.5636353,110.34605,"Kuching",MY,2.1,49
3532,"A Taste of Coastal Texas",MX,US,31.25044,-99.25061,"Brady",US,15.1,43
3550,"Atlanta/South",US,NI,11.578307,-84.01396,"Nueva Guinea",NI,49.7,13
3582,"Auli",IN,UA,48.54324,34.45467,"Dniprovske",UA,6.0,2
3584,"Aure",NO,FR,49.27385,4.634843,"Mourmelon-le-Grand",FR,25.2,13
3604,"Austin/UT and the Drag",US,RO,47.01667,23.4,"Baciu",RO,25.7,29
3641,"Ayia Napa",ES,CY,34.989323,33.996204,"Paralímni",CY,5.7,23
3658,"Babakale",TR,GR,39.479736,26.064867,"Kalloní",GR,30.0,3
3668,"Bac Ha",CN,VN,22.537756,104.29156,"Si Ma Cai",VN,17.5,12
3703,"Baekdu Mountains",CN,KR,36.280052,128.04341,"Sangju",KR,18.3,4
3722,"Bahawalpur",PK,IN,31.029535,75.00919,"Zira",IN,7.0,26
3750,"Baja Peninsula",MX,BR,-13.89214,-38.951336,"Camamu",BR,17.4,7
3752,"Baja California Sur",US,MX,25.5818,-111.57062,"Ciudad Insurgentes",MX,40.9,1
3754,"Bajgiran",IR,TM,37.621933,58.41827,"Änew",TM,30.8,1
3766,"Baku Region",TR,GH,4.970179,-2.5014594,"Esim",GH,31.0,16
3772,"Balboa",US,ES,42.71017,-6.9147205,"Cacabelos",ES,19.8,1
3776,"Balestrand",DE,NO,61.209618,6.536083,"Hermansverk",NO,17.1,14
3780,"Bali District",CN,TW,25.14569,121.40351,"Danshui",TW,4.9,10
3786,"Balkans",RO,BG,41.778503,23.814676,"Gotse Delchev",BG,24.5,2
3799,"Ballyshannon",GB,IE,54.50198,-8.189766,"Sligo",IE,31.5,9
3803,"Balta",UA,GB,60.75019,-0.7888873,"Lerwick",GB,69.2,2
3826,"Banat",RO,US,45.517746,-87.69762,"Kingsford",US,42.4,1
3861,"Bangkok/Khao San Road",TH,IE,53.35222,-7.20167,"Edenderry",IE,10.3,54
3883,"Bangui",CF,CD,4.3635116,18.583591,"Zongo",CD,2.6,12
3892,"Ban Nahin",VN,TH,18.242395,104.2128,"Seka",TH,44.3,4
3938,"Barelang Islands",ID,HK,22.26382,113.96038,"San Tung Chung Hang",HK,2.4,1
3939,"Barentsburg",NO,NO,78.06536,14.2172365,"Longyearbyen",SJ,37.1,21
3975,"Basaseachic Falls National Park",MX,NZ,-44.791634,167.7542,"Queenstown",NZ,76.3,2
3983,"Basra",IQ,SA,17.395979,43.10557,"Fayfā’",SA,13.3,36
3990,"Bataan",CN,PH,14.643603,120.46576,"Balanga",PH,8.4,9
4066,"Beaudry Provincial Park",BR,CA,49.86169,-97.477196,"Winnipeg",CA,23.8,2
4136,"Belcoo",IE,GB,54.29667,-7.871408,"Enniskillen",GB,15.9,7
4138,"Belek",TR,TM,39.938534,53.847305,"Jebel",TM,47.1,15
4176,"Belo Horizonte",BR,AO,-11.916575,16.905655,"Cunhinga",AO,37.6,43
4179,"Belturbet",GB,IE,54.10074,-7.4440417,"Cavan",IE,13.4,13
4254,"Bernal",MX,AR,-34.711445,-58.28128,"Quilmes",AR,2.6,16
4287,"Bethuadahari Wildlife Sanctuary",IN,US,32.90874,-97.58419,"Azle",US,3.9,2
4290,"Bettendorf",US,FR,47.585247,7.277087,"Altkirch",FR,5.2,16
4301,"Beypore Beach",IN,US,46.91807,-104.00437,"Glendive",US,57.6,20
4324,"Bhutan",IN,BT,27.549511,90.511925,"Trongsa",BT,5.2,39
4391,"Bintan Resorts",SG,SG,-4.518894,140.55768,"Tabubil",PG,112.2,17
4396,"Bioko",FR,PG,-5.875043,143.40898,"Mendi",PG,40.8,1
4406,"Birr",IE,FR,47.61396,6.78557,"Héricourt",FR,4.9,16
4493,"Blueskin Bay",NZ,IT,38.41409,14.04068,"Cefalù",IT,41.8,5
4497,"Blumenau",BR,PL,54.19367,19.58983,"Elbląg",PL,12.7,20
4534,"Bohuslän",NO,SE,58.23333,11.8,"Uddevalla",SE,15.2,3
4543,"Bol",HR,BO,-17.740334,-62.93384,"San Julian",BO,8.6,10
4560,"Bonaire",NL,US,32.543842,-83.59602,"Warner Robins",US,8.5,12
4590,"Boring",BR,US,45.432663,-122.36951,"Damascus",US,7.2,10
4602,"Bosanska Krajina",HR,BA,45.05972,17.050463,"Gradiška",BA,18.6,1
4616,"Boston/North End",US,GB,52.9556,-0.1677266,"Boston",GB,9.7,45
4628,"Bougainville",AU,FR,49.869915,2.043234,"Amiens",FR,18.7,17
4655,"Boyle",IE,IE,54.59083,-112.809166,"Fort Saskatchewan",CA,102.7,8
4657,"Bozel",IT,FR,45.442383,6.64694,"Bourg-Saint-Maurice",FR,21.4,9
4660,"Brač",HR,FR,43.472027,5.9534993,"Saint-Maximin-la-Sainte-Baume",FR,7.9,2
4687,"Brandenburg",DE,US,37.99896,-86.16941,"Fort Knox",US,21.7,2
4766,"Brighton Seminole Indian Reservation",US,CA,45.26545,-67.61208,"Eastern Charlotte",CA,66.5,2
4828,"Brown County State Park",TR,US,39.145573,-86.22602,"Bloomington",US,26.0,10
4883,"Buenos Aires (province)",AR,PE,-9.122116,-78.530975,"Chimbote",PE,8.7,4
4896,"Bukit Peninsula",ID,US,41.24117,-81.55262,"Macedonia",US,8.9,40
4898,"Bukit Tinggi",MY,MY,-0.2436511,112.70704,"Sintang",ID,138.6,4
4910,"Bundang",KR,CM,9.13333,12.95,"Tchéboa",CM,28.3,30
4943,"Burma Road",CN,AU,-28.954975,115.03724,"Geraldton",AU,45.6,5
4957,"Buru Island",IN,ID,-3.4591432,126.65623,"Namrole",ID,43.7,19
4985,"Bylakuppe",BR,IN,12.429251,75.995346,"Kushālnagar",IN,5.1,10
4993,"Åland",FI,FI,60.151596,20.08803,"Ytterby",AX,4.3,4
5036,"Świeradów-Zdrój",CZ,PL,50.90934,15.333216,"Gryfów Śląski",PL,14.8,4
5038,"Şirince",GB,TR,37.942352,27.432835,"Selçuk",TR,5.7,2
5108,"Calais (Maine)",US,CA,45.18902,-67.27814,"Eastern Charlotte",CA,39.1,10
5144,"Calvert City",CN,US,37.03339,-88.35004,"Paducah",US,22.9,7
5169,"Caminha",PT,ES,41.87576,-8.838838,"O Rosal",ES,6.6,9
5170,"French Way",ES,US,37.703915,-121.44583,"Tracy",US,4.4,9
5179,"Campeche (state)",MX,VE,10.962301,-68.46193,"Tocuyo de La Costa",VE,12.6,3
5185,"Campobello Island",US,CA,44.89385,-66.91937,"Eastern Charlotte",CA,25.2,15
5195,"Canadian",BR,US,35.91201,-100.3839,"Perryton",US,66.0,11
5224,"Canowindra",AU,GB,57.3886,-6.1938,"Fort William",GB,91.2,16
5232,"Cantonment",US,IN,23.172075,80.01837,"Mānegaon",IN,3.8,2
5235,"Canyon de Guadalupe",MX,GP,16.208658,-61.439903,"Le Gosier",GP,5.7,1
5278,"Caprock Canyons State Park",TR,US,34.410244,-101.05322,"Plainview",US,65.1,8
5280,"Captiva Island",MX,US,26.527578,-82.19482,"Sanibel",US,19.3,7
5281,"Capurganá",CO,PA,8.6366,-77.34719,"Unión Chocó",PA,64.8,10
5292,"Carbonear",PT,CA,47.733124,-53.23662,"Bay Roberts",CA,15.0,20
5296,"Cardenás",MX,ES,42.37384,-2.7660403,"Nájera",ES,5.8,1
5300,"Cardston",US,CA,49.200115,-113.316574,"Lethbridge",CA,66.2,12
5373,"Cassis",FR,HT,18.61571,-72.07461,"Thomazeau",HT,4.6,24
5423,"Catron County",MX,MX,33.902695,-108.38008,"Silver City",US,126.3,8
5428,"Cave City",NZ,US,37.18962,-82.06933,"Richlands",US,26.7,39
5454,"Cedar Point",BR,US,41.263092,-89.12564,"Peru",US,7.2,5
5500,"Central Slovakia",PL,SK,48.833565,19.47251,"Brezno",SK,12.4,7
5512,"Cerbère",ES,FR,42.441296,3.1646953,"Banyuls de la Marenda",FR,5.6,7
5603,"Charleville",AU,IE,52.354645,-8.682883,"Mallow",IE,24.8,11
5604,"Charlevoix",CA,US,45.31765,-85.25835,"Bay Harbor",US,14.7,6
5631,"Chatham Islands",NZ,SD,22.42446,31.82595,"Wadi Halfa",SD,84.1,40
5780,"Chiloé National Park",CL,ES,38.6783,0.08935,"Calp",ES,5.4,1
5812,"Chiran",JP,IN,32.026634,76.39148,"Nagrota Bagwān",IN,9.1,4
5825,"Chiusi",IT,SM,43.76798,12.293714,"Poggio di Chiesanuova",SM,18.3,6
5853,"Christmas Island",GB,CX,-10.483777,105.64723,"Flying Fish Cove",CX,7.7,27
5869,"Chuuk",JP,JP,8.606235,151.83275,"Weno",FM,129.0,7
5977,"Cloudcroft",MX,US,32.957664,-105.74272,"Alamogordo",US,21.3,24
5987,"Coal Region",CH,GB,53.414238,-1.4137819,"Burngreave",GB,3.8,15
5991,"Coastal Georgia",BR,US,34.696815,-84.738976,"Dalton",US,22.6,1
6004,"Cochamó Valley",CL,AR,-41.380802,-72.07148,"San Carlos de Bariloche",AR,68.9,6
6021,"Cojedes",PT,VE,9.333664,-68.350365,"Las Vegas",VE,38.1,1
6046,"Collingwood (New Zealand)",NZ,GB,51.670963,-4.702831,"Pembroke",GB,14.5,5
6231,"Costa Brava",ES,AR,-34.774414,-59.69925,"Mercedes",AR,28.1,17
6253,"Courmayeur",IT,FR,45.831654,6.9461565,"Chamonix-Mont-Blanc",FR,11.8,6
6306,"Croatia",HR,SI,45.471962,14.706504,"Osilnica",SI,6.4,2
6371,"Cut Bank",US,US,48.63304,-112.326164,"Coaldale",CA,122.4,17
6375,"Cuyahoga County",TR,US,41.430134,-81.69056,"Brooklyn",US,3.9,13
6382,"Cygnet",AU,US,41.24005,-83.64326,"Bowling Green",US,15.0,21
6384,"Cyprus",TR,CY,34.917416,32.889904,"Léfka",CY,21.9,3
6429,"Dalsland",RU,NO,61.056698,5.5600667,"Førde",NO,46.8,12
6521,"D-Day beaches",FR,FR,54.83909,-111.96596,"Bonnyville",CA,101.7,40
6580,"Demirköy",GB,TR,41.82415,27.765146,"Vize",TR,27.6,9
6592,"Denmark (Western Australia)",AU,DK,55.378426,9.131806,"Vejen",DK,11.4,3
6599,"Deokjeok Island",KR,IS,65,-18,"Akureyri",IS,76.1,3
6709,"Diving Aliwal Shoal",ZA,CY,34.96361,34.072933,"Protaras",CY,5.6,9
6710,"Diving in Chuuk",JP,FM,7.454,151.805,"Weno",FM,4.1,10
6717,"Diving in the Philippines",PH,ES,28.71144,-17.95556,"Los Llanos de Aridane",ES,6.9,7
6718,"Diving the Cape Peninsula and False Bay",ZA,CA,49.49128,-124.35006,"Qualicum Beach",CA,17.3,40
6719,"Diving the Cape Peninsula and False Bay/Duiker Island",ZA,NL,52.69036,5.231231,"Enkhuizen",NL,4.3,1
6754,"Dona Paula",IN,BR,-27.237986,-49.494507,"Lontras",BR,9.3,6
6870,"Dunseith",CA,CA,48.813057,-100.06097,"Minot Air Force Base",US,103.6,7
6921,"Eastern Cuba",GB,ZA,-32.319443,28.199722,"Butterworth",ZA,4.9,1
6931,"Eastern Slovakia",PL,SK,48.717014,22.273935,"Sobrance",SK,7.4,15
6932,"Eastern Slovenia",HR,SI,46.08333,15,"Zagorje ob Savi",SI,5.4,3
6949,"East Jutland",DK,US,34.249733,-118.51642,"Northridge",US,3.0,3
6952,"East Kootenays",CA,ID,-8.086424,112.5,"Sumberpucung",ID,8.2,1
6995,"Eckerö",SE,SE,60.2325,19.5392,"Yomala",AX,23.0,10
7064,"Elba",IT,US,31.41461,-86.067726,"Enterprise",US,23.0,12
7070,"El Castaño",MX,VE,10.188661,-67.363945,"La Victoria",VE,5.5,1
7107,"Beaver Hills",CA,US,41.324505,-72.94609,"New Haven",US,2.4,15
7203,"Ephesus",GB,US,33.406178,-85.24925,"Carrollton",US,25.1,16
7259,"Esso",CH,UG,1.2955775,34.749863,"Kapchorwa",UG,35.3,1
7282,"European route E39",NO,TR,41.910603,27.129932,"Kırklareli",TR,21.1,14
7296,"Evian",CH,IT,45.710827,7.2005024,"Aosta",IT,9.5,1
7347,"Falcon Lake",CA,US,26.782078,-99.24472,"Zapata",US,14.2,4
7384,"Faroe Islands",DK,DK,62.028236,-6.8819256,"Tórshavn",FO,6.1,1
7436,"Fiji",NZ,FJ,-18.12397,179.01227,"Levuka",FJ,32.8,3
7457,"Fishguard",IE,GB,51.993835,-4.97681,"Haverfordwest",GB,21.4,12
7524,"Foppolo",IT,ES,38.6783,0.08935,"Calp",ES,5.4,5
7531,"Forestville",CA,UA,48.65811,23.28091,"Volovets",UA,9.2,10
7674,"Frombork",DE,PL,54.358364,19.68237,"Braniewo",PL,9.2,5
7683,"Fugging",AT,DE,48.06741,12.862345,"Tittmoning",DE,7.1,1
7761,"Gangwon",JP,KR,37.772526,128.38208,"Jumunjin",KR,41.2,12
7776,"Garden City (Michigan)",BR,US,45.7747,-86.5507,"Escanaba",US,40.0,3
7829,"Güssing",AT,HU,47.058765,16.324337,"Szentgotthárd",HU,12.4,6
7837,"Gedser",DE,DK,54.577045,11.931356,"Alholm",DK,16.6,7
7895,"Giant's Causeway",CA,AU,-34.68333,118.73333,"Albany",AU,86.4,1
7927,"Gir Forest National Park",IN,CN,29.297308,110.43844,"Wulingyuan",CN,11.8,2
7942,"Glacier National Park (Montana)",CA,US,48.617485,-113.76089,"Columbia Falls",US,41.3,34
7969,"Glenfinnan",GB,CA,46.293476,-62.969925,"Stratford",CA,11.9,8
8079,"GR 10",ES,IT,42.77511,11.287805,"Grosseto",IT,14.6,1
8115,"Grand Isle (Louisiana)",MX,US,29.236618,-89.9873,"Galliano",US,37.9,3
8268,"Guadeloupe",MX,GP,16.252882,-61.568684,"Baie-Mahault",GP,2.4,6
8271,"Guamote",ES,EC,-2.0493321,-78.64267,"Alausí",EC,28.4,1
8311,"Guinsa",CN,KR,37.03129,128.47966,"Neietsu",KR,17.1,7
8320,"Gulf Coast (Mississippi)",MX,US,26.40447,-81.88712,"Fort Myers Beach",US,8.3,1
8575,"Havelock Island",TH,IN,11.965196,92.99562,"Bamboo Flat",IN,42.3,38
8589,"Hawley",BR,US,32.613373,-99.813034,"Abilene",US,19.8,9
8678,"Herculaneum",IT,US,38.268387,-90.38012,"Pevely",US,2.1,24
8726,"High Plains",MX,US,37.77312,-86.21108,"Vine Grove",US,20.6,2
8746,"Hillswick",IN,GB,60.476532,-1.4875894,"Lerwick",GB,40.6,4
8774,"Hiva Oa",FR,FR,-9.7793255,-139.00679,"Taiohae",PF,154.0,23
8778,"Hluhluwe-iMfolozi Park",ZA,ES,38.6783,0.08935,"Calp",ES,5.4,5
8826,"Holy Island (near Arran)",IE,US,45.23195,-85.16673,"Bay Harbor",US,16.1,3
9004,"Hydra",GR,DZ,36.747425,3.0401833,"Birkhadem",DZ,3.7,19
9032,"Idyllwild",MX,US,33.740276,-116.71894,"Valle Vista",US,16.1,52
9119,"Interior (Iceland)",IS,US,40.80501,-73.171104,"Ronkonkoma",US,3.0,5
9120,"Interlake",CA,ES,28.05203,-16.71774,"Arona",ES,6.4,9
9171,"Ischgl",CH,IT,46.325768,8.40917,"Domodossola",IT,24.9,11
9231,"Italian Lake District",IT,CA,49.476173,-125.205315,"Courtenay",CA,27.9,9
9332,"Jan Mayen",NO,NO,70.99517,-8.465656,"Olonkinbyen",SJ,12.3,1
9368,"Jelling",DK,DE,54.33045,8.7737,"Tönning",DE,10.9,11
9458,"John o'Groats",DK,GB,58.637302,-3.0689678,"Wick",GB,22.1,8
9518,"Kabardino-Balkaria",DE,RU,43.44283,43.420483,"Kenzhe",RU,12.4,1
9542,"Lower Northland",NZ,AT,48.34208,16.462408,"Gerasdorf bei Wien",AT,5.3,9
9595,"Kamen Bryag",RO,BG,43.45486,28.550821,"Kavarna",BG,17.2,6
9630,"Kanha National Park",IN,US,30.154978,-97.789696,"Shady Hollow",US,7.1,15
9664,"Karakol Lake",CN,ES,28.05203,-16.71774,"Arona",ES,6.4,9
9719,"Kaslo",CH,CA,49.912155,-116.90489,"Nelson",CA,53.4,27
9908,"Khatse",ZA,ZA,31.488207,79.44202,"Joshīmath",IN,104.4,2
9965,"Kilpisjärvi",FI,NO,69.04836,20.79846,"Tromsdalen",NO,96.7,30
10016,"Kirkenes",NO,RU,69.72715,30.044897,"Nikel",RU,35.6,16
10044,"Kitsap Peninsula",NO,US,41.24117,-81.55262,"Macedonia",US,8.9,11
10131,"Ko Lipe",TH,MY,6.487591,99.30247,"Padang Mat Sirat",MY,49.9,39
10403,"Ladakh",CN,IN,33.94564,77.65686,"Choglamsar",IN,19.5,8
10422,"Lago Puelo",AR,ES,38.6783,0.08935,"Calp",ES,5.4,2
10451,"Lake Biwa",JP,ES,28.05203,-16.71774,"Arona",ES,6.4,3
10460,"Lake Constance",CH,ES,28.05203,-16.71774,"Arona",ES,6.4,10
10512,"Lamai",TH,TZ,-1.5617577,34.70204,"Matongo",TZ,22.5,32
10522,"La Merced",PE,CO,5.399067,-75.547806,"Salamina",CO,6.7,13
10553,"Lăng Cô",VN,VN,29.018532,93.11629,"Shi Yomi",IN,134.0,12
10556,"Langeland",DK,DE,51.78241,8.997726,"Altenbeken",DE,4.3,26
10564,"Langport",NL,GB,51.03757,-2.8280084,"Street",GB,11.5,11
10567,"Lang Tengah",MY,MY,-4.363592,115.79957,"Banjarbaru",ID,148.1,5
10577,"Lanzarote",ES,MX,19.66995,-99.32385,"Nicolás Romero",MX,3.6,22
10582,"Laos",TH,LA,20.01711,103.37825,"Muang Phônsavan",LA,66.1,8
10603,"Laren",NL,ID,-6.9783764,112.2951,"Paciran",ID,14.4,7
10643,"Laurentians",CA,US,26.161524,-81.8098,"Naples",US,2.5,4
10669,"Lüderitz",PT,ES,38.67878,0.09787,"Teulada",ES,5.7,25
10740,"Lenzerheide",CH,IT,46.444736,9.3733835,"Chiavenna",IT,13.9,14
10755,"Lesotho",ZA,LS,-29.603928,28.33502,"Mantsonyane",LS,10.1,3
10893,"Listvyanka",CN,RU,51.85693,104.86058,"Rechka-Vydrino",RU,41.1,31
10979,"Loleygaon",IN,ES,38.6783,0.08935,"Calp",ES,5.4,2
11048,"Longzhou",VN,ES,38.6783,0.08935,"Calp",ES,5.4,9
11060,"Lorne",AU,ES,38.6783,0.08935,"Calp",ES,5.4,3
11076,"Los Chiles (Costa Rica)",CR,NI,10.857036,-84.71502,"San Carlos",NI,30.8,4
11110,"Lower Galilee",BR,US,36.62898,-83.11573,"Church Hill",US,37.8,17
11111,"Lower Mainland",CA,US,40.255936,-75.360176,"Kulpsville",US,2.5,26
11122,"Lubec",US,CA,44.86117,-66.9835,"Eastern Charlotte",CA,30.7,40
11153,"Lumbarda",HR,ES,38.67878,0.09787,"Teulada",ES,5.7,5
11155,"Lumbini",IN,NP,27.980713,82.953186,"Deukhurī",NP,27.7,11
11162,"Lunenburg",CA,ES,38.67878,0.09787,"Teulada",ES,5.7,14
11164,"Luosto",GB,FI,67.158264,26.918337,"Pyhäjärvi",FI,16.2,22
11170,"Lurgan",IE,GB,54.460823,-6.329249,"Craigavon",GB,4.0,7
11221,"Macau/Peninsula",CN,MO,22.115894,113.5717,"Luhuan",MO,2.0,44
11257,"Madidi National Park",PE,BO,-13.46425,-68.70335,"Ixiamas",BO,70.7,6
11560,"Marken",NL,IT,43.34584,13.141587,"San Severino Marche",IT,13.2,16
11600,"Martinique",FR,MQ,14.611373,-60.96208,"Le Lamentin",MQ,4.0,21
11614,"Masada",IL,IN,18.18817,82.75098,"Kantabamsuguda",IN,20.4,5
11686,"Mayrhofen",AT,IT,47.167217,11.863867,"Valle Aurina - Ahrntal",IT,20.9,18
11706,"Älvdalen",NO,SE,61.2299,14.037395,"Orsa",SE,33.3,4
11738,"Međugorje",HR,BA,43.190533,17.677532,"Čitluk",BA,4.6,6
11754,"Medicine Park",BR,US,34.727478,-98.501366,"Lawton",US,16.7,42
11764,"Meghri",IR,AZ,38.85165,46.201675,"Ordubad",AZ,16.8,9
11777,"Babeldaob",JP,PW,7.539963,134.5674,"Imeong Hamlet",PW,4.5,10
11828,"Merseyside",IE,GB,53.49536,-2.973938,"Maghull",GB,3.2,6
11837,"Mesoamerican Barrier Reef",AU,US,26.5689,-80.15109,"Greenacres City",US,6.6,2
11842,"Mestia",GE,RU,43.043762,42.724453,"Tyrnyauz",RU,40.8,55
11966,"Millinocket",CA,US,45.656506,-68.70914,"Old Town",US,80.5,5
12256,"Moriarty",MX,US,34.997204,-106.049484,"Albuquerque",US,55.6,8
12303,"Mountainair",MX,US,34.520355,-106.24077,"Belen",US,51.5,6
12342,"Mountmellick",IE,DE,54.33045,8.7737,"Tönning",DE,10.9,3
12612,"Nanton",CA,FR,46.61981,4.8154435,"Tournus",FR,9.0,28
12647,"Narva",DK,FI,61.295197,23.502483,"Lempäälä",FI,13.4,26
12673,"Natuna Islands",CN,ID,3.9305165,108.19015,"Ranai Kota",ID,20.8,40
12941,"Niue",NZ,NU,-19.053642,-169.86134,"Alofi",NU,6.1,34
12985,"Norfolk Island",AU,NF,-29.032804,167.94832,"Kingston",NF,3.0,41
12999,"North America",GB,CA,51,-109,"Swift Current",CA,116.2,8
13044,"Northern Cape",DE,DE,-29.573402,21.205135,"Kakamas",ZA,105.8,1
13054,"Northern Laos",TH,LA,19.986212,102.24413,"Luang Prabang",LA,14.1,6
13057,"Northern Myanmar",CN,MM,22.62344,98.83084,"Tangyan",MM,47.2,2
13081,"North Korea",KR,GR,35.36973,24.54263,"Rethymno",GR,5.5,3
13109,"Northumberland Shore",CA,GB,53.836956,-3.052627,"Blackpool",GB,2.3,11
13148,"Novalja",FR,HR,44.556118,14.884472,"Mali Lošinj",HR,33.1,2
13287,"Ohakune",AU,NZ,-39.416946,175.39961,"Whanganui",NZ,64.7,15
13379,"Onslow",AU,CA,45.391884,-63.30065,"Truro",CA,3.9,5
13417,"Orcas Island",ES,US,48.651558,-122.81793,"Anacortes",US,21.6,7
13419,"Orchid Island",PH,TW,22.051199,121.54695,"Hengchun",TW,82.9,19
13551,"Oze National Park",JP,US,30.154978,-97.789696,"Shady Hollow",US,7.1,12
13552,"Ozona",TR,ES,39.92609,3.83064,"Ciutadella",ES,8.4,8
13569,"Padang Besar (Malaysia)",TH,MY,6.6598773,100.31645,"Kampung Titi Tinggi",MY,6.4,3
13570,"Padang Besar (Thailand)",TH,MY,6.666866,100.31942,"Kampung Titi Tinggi",MY,7.1,1
13591,"Pai",TH,ID,-8.441723,119.00121,"Bima",ID,30.3,40
13596,"Painted Monasteries",RO,US,43.03432,-73.30232,"Bennington",US,19.4,2
13600,"Pajala",SE,FI,67.20904,23.364729,"Kittilä",FI,82.6,5
13607,"Pakse",JP,CM,8.69625,12.90522,"Poli",CM,44.3,34
13619,"Palau",PH,IT,41.176216,9.377231,"La Maddalena",IT,5.0,2
13658,"Palos Verdes",PT,MX,25.37955,-108.45858,"Guasave",MX,21.0,23
13675,"Panama City Beach",ES,CH,46.031765,9.123382,"Pregassona",CH,11.6,41
13698,"Panmunjeom",KR,KP,37.955868,126.67701,"Kaesŏng",KP,10.9,13
13701,"Pantanal",BR,MX,21.4281,-104.86065,"Xalisco",MX,4.5,4
13775,"Pharping",IN,NP,27.611635,85.26701,"Ki̇̄rtipur",NP,7.5,7
13829,"Paynesville (Victoria)",CA,CA,-12.89708,95.62626,"West Island",CC,153.7,8
13870,"Pelister National Park",GR,MK,40.96385,21.23829,"Bitola",MK,11.2,29
13877,"Pembina",US,CA,48.75308,-97.55328,"Winkler",CA,55.4,1
13886,"Pender Island",CA,US,45.65297,-90.53012,"Merrill",US,84.4,21
13892,"Penghu",CN,TW,23.569695,119.56645,"Magong",TW,2.1,7
13912,"Peora",IN,US,39.421474,-80.34481,"Clarksburg",US,15.7,1
13960,"Petawawa",DE,BG,42.56351,27.604511,"Pomorie",BG,2.1,18
14022,"Khao Phra Thaeo Non-Hunting Area",TH,IT,44.83141,9.41722,"Solaro",IT,20.0,12
14031,"Pichilemu",CL,IT,44.055504,12.592457,"Rimini",IT,2.2,19
14125,"Plain of Jars",CN,LA,19.425125,103.15932,"Muang Phônsavan",LA,4.3,2
14133,"Plaquemines Parish",MX,US,29.429115,-89.51235,"Belle Chasse",US,66.2,5
14165,"Ploče",HR,ES,38.6783,0.08935,"Calp",ES,5.4,4
14233,"Ponta d'Ouro",ZA,ES,39.87362,3.06484,"Port de Pollença",ES,4.0,14
14271,"Port Aransas",MX,US,27.833218,-97.06183,"Aransas Pass",US,12.1,16
14311,"Portillo",AR,BO,-21.563011,-64.66617,"Tarija",BO,7.2,3
14370,"Port Vincent",AU,HT,20.007448,-72.733025,"Saint-Louis du Nord",HT,8.3,7
14371,"Port Wakefield",AU,ES,28.05203,-16.71774,"Arona",ES,6.4,9
14433,"Prespa (Greece)",GR,AL,40.74355,21.112316,"Bilisht",AL,16.5,15
14443,"Primorsko",TR,BG,42.269867,27.750618,"Tsarevo",BG,13.6,3
14444,"Primorsky Krai",CN,RU,45.081947,134.72664,"Dalnegorsk",RU,91.5,3
14524,"Puerto Obaldia",CO,PA,8.667056,-77.419624,"Unión Chocó",PA,66.1,4
14543,"Punakaiki",NZ,IT,44.63799,10.89211,"Modena",IT,2.9,28
14588,"Pyongan",CN,KP,39.54165,126.064766,"Sunch’ŏn",KP,16.7,11
14591,"Pyrénées-Orientales",ES,FR,42.625893,2.506509,"Prades",FR,7.0,1
14754,"Rannoch Moor",IE,GB,56.674007,-4.694606,"Fort William",GB,30.0,13
14794,"Rødby",DE,DK,54.694065,11.390221,"Maribo",DK,11.6,12
14805,"Reñaca",AR,CL,-32.971535,-71.54372,"Viña del Mar",CL,5.9,1
14810,"Redang",MY,ID,-0.3360793,102.4337,"Kuala Cenaku",ID,31.5,11
14862,"Republic of the Congo",FR,CG,-0.7264327,15.641915,"Owando",CG,39.5,1
14872,"Retzer Land",AT,DE,52.092873,14.646842,"Eisenhüttenstadt",DE,6.4,8
15112,"Rosslare",ES,IE,52.273567,-6.3869033,"Wexford",IE,8.3,14
15145,"Royal Natal National Park",ZA,AU,-34.170338,151.0524,"Helensburgh",AU,5.3,14
15173,"Russell (New Zealand)",AU,NZ,-35.26179,174.12154,"Kerikeri",NZ,16.3,14
15179,"Rust",AT,DE,48.265934,7.726321,"Ettenheim",DE,6.5,8
15213,"Sabine Hills",IT,US,31.27352,-93.78046,"Jasper",US,44.4,1
15278,"Saint John (U.S. Virgin Islands)",ES,VI,18.335602,-64.75504,"Cruz Bay",VI,4.1,11
15287,"Saint-Louis-du-Ha! Ha!",CA,ES,38.6783,0.08935,"Calp",ES,5.4,7
15321,"Sakhalin",JP,RU,50.159477,143.02644,"Smirnykh",RU,48.0,8
15396,"Samnaun",IT,AT,46.94364,10.35961,"Landeck",AT,26.8,7
15403,"Samothrace",GR,TR,40.474434,25.524815,"Gökçeada",TR,44.5,35
15412,"Samye",IN,CN,29.326038,91.5078,"Lhoka",CN,27.3,7
15464,"Sandspit",CA,NZ,-36.39308,174.72758,"Warkworth",NZ,5.5,14
15515,"San Jon",MX,US,35.106434,-103.33094,"Tucumcari",US,36.7,22
15683,"Sark",GB,GG,49.435165,-2.3595986,"Saint Peter Port",GG,13.0,11
15711,"Saugerties",BR,US,42.07759,-73.95291,"Kingston",US,17.1,5
15767,"Sälen",NO,SE,61.155724,13.269409,"Mora",SE,70.5,12
15775,"Súðavík",GB,IS,65.90362,-22.995558,"Ísafjörður",IS,20.0,2
15783,"Nordic countries",NO,SE,62.918262,18.720287,"Örnsköldsvik",SE,41.4,8
15784,"Scania",SE,HR,44.324646,15.207169,"Zadar",HR,23.3,1
15801,"Schinoussa",GR,TR,36.68284,27.747335,"Datça",TR,8.3,5
15861,"Seda (Latvia)",RU,LV,57.650288,25.75095,"Valka",LV,20.7,4
15959,"Shades State Park",TR,US,39.93918,-87.08177,"Crawfordsville",US,21.0,6
15969,"Shamrock",BR,US,35.21422,-100.24901,"Pampa",US,73.7,22
16109,"Sringeri",IN,AU,-37.02301,147.2396,"Bairnsdale",AU,94.8,13
16149,"Sigiriya",IN,LK,7.9498096,80.746346,"Dambulla",LK,14.4,25
16260,"Skåneleden",DE,SE,55.736164,13.557117,"Södra Sandby",SE,13.4,1
16270,"Skibotn",FI,NO,69.3908,20.267845,"Tromsdalen",NO,56.6,4
16299,"Småland",SE,NO,63.597675,10.706141,"Stjørdal",NO,17.8,5
16333,"Road 55 (Norway)",NO,US,44.231377,-70.544044,"Paris",US,4.7,18
16345,"Soldeu",FR,AD,42.576893,1.6682694,"Canillo",AD,5.9,6
16430,"Southeast Arizona",MX,CZ,49.4763,16.16517,"Bystřice nad Pernštejnem",CZ,8.7,39
16447,"Southern Bukovina",RO,CZ,49.29737,16.7732,"Líšeň",CZ,11.5,8
16479,"South Moravia",CZ,US,40.890663,-92.82049,"Centerville",US,18.0,1
16499,"Southwest Florida",MX,ES,38.6783,0.08935,"Calp",ES,5.4,4
16514,"Sozopol",TR,BG,42.418156,27.694313,"Pomorie",BG,17.0,2
16538,"Spillville",CZ,US,43.205177,-91.95113,"Decorah",US,17.3,1
16600,"Stanstead",CA,GB,52.106323,0.6909612,"Sudbury",GB,8.0,10
16603,"St. Anton",US,CH,47.409943,9.5351715,"Altstätten",CH,3.7,6
16650,"Stevns",MX,DK,55.281,12.43741,"Køge",DK,25.4,11
16651,"Stewart",CA,US,32.073273,-84.84831,"Cusseta",US,26.8,16
16666,"St. Ignace",US,CA,46.69754,-65.0789,"Beaurivage",CA,9.2,6
16678,"St. Joseph Island",CA,US,46.189407,-83.931114,"Sault Ste. Marie",US,46.6,26
16726,"Storm Lake",MX,ES,28.05203,-16.71774,"Arona",ES,6.4,4
16760,"Stromboli",IS,IT,38.80435,15.236799,"Tropea",IT,58.9,16
16772,"Stubaier Gletscher",AT,IT,46.991886,11.117223,"Vipiteno",IT,26.1,4
16811,"Sulemania",TR,IN,25.6,85.210785,"Patna",IN,7.6,18
16832,"Sundarbans (Bangladesh)",IN,BD,22.023989,89.31361,"Sarankhola",BD,58.6,2
16833,"Sundarbans National Park",IN,US,30.154978,-97.789696,"Shady Hollow",US,7.1,26
16861,"Sur",CN,IT,46.521122,9.631054,"Chiavenna",IT,28.6,33
16909,"Eswatini",ZA,SZ,-26.56248,31.399132,"Manzini",SZ,7.3,2
16911,"Swedesboro",SE,US,39.747612,-75.31046,"Paulsboro",US,11.0,10
16917,"Switzerland",CH,US,34.240845,-116.8652,"Big Bear City",US,2.9,1
16952,"Syrian Coast and Mountains",TR,US,44.486412,-69.02453,"Belfast",US,6.9,6
16970,"Taba Heights",EG,SA,29.386496,34.799706,"Ḩaql",SA,18.1,18
17040,"Takengon",ID,ES,28.05203,-16.71774,"Arona",ES,6.4,2
17073,"Tamchy",RU,KG,42.564697,76.6606,"Cholpon-Ata",KG,35.8,2
17088,"Tanegashima",PT,JP,30.591848,130.9959,"Nōkan",JP,4.3,15
17211,"Tel Aviv/South and East",CN,JM,17.901588,-77.74622,"Bull Savannah",JM,16.6,31
17257,"Alandroal",PT,ES,39.58429,-7.3359823,"Valencia de Alcántara",ES,20.8,5
17266,"Terra Nova National Park",PT,CA,48.53323,-53.89194,"Clarenville",CA,41.1,24
17443,"Tobago",ES,TT,11.240461,-60.672005,"Scarborough",TT,9.5,4
17456,"Toila",RU,EE,59.420876,27.511683,"Jõhvi",EE,8.6,8
17525,"Top End",AU,IE,52.89117,-7.4803085,"Portlaoise",IE,20.0,8
17562,"Torres Strait Islands",AU,AU,-10.285107,142.2409,"Daru",PG,171.1,8
17619,"Transylvania",RO,US,35.198223,-82.77249,"Brevard",US,5.2,9
17652,"Triglav National Park",IT,SI,46.336044,13.813872,"Bohinjska Bistrica",SI,12.9,50
17663,"Trinidad and Tobago",PT,TT,10.746691,-61.084007,"Sangre Grande",TT,18.5,1
17743,"Tully",AU,FR,50.085747,1.5160218,"Eu",FR,8.1,11
17840,"Ujung Kulon National Park",ID,ES,38.6783,0.08935,"Calp",ES,5.4,2
17844,"Ukraine",RU,UA,49.487198,31.271832,"Korsun-Shevchenkivskyi",UA,7.8,28
17857,"Uludağ",GR,ES,38.67878,0.09787,"Teulada",ES,5.7,6
17868,"Umphang",TH,MM,16.019138,98.8633,"Myawaddy",MM,83.5,2
17965,"Valdres",BE,NO,60.514748,11.174451,"Råholt",NO,26.6,18
18040,"Vardø",NO,NO,70.370186,31.10772,"Zapolyarnyy",RU,105.6,6
18144,"Vieng Xai",VN,LA,20.41094,104.227715,"Xam Nua",LA,19.1,5
18215,"Visegrád",PL,HU,47.78458,18.970337,"Vác",HU,12.4,49
18321,"Wallace (Nebraska)",RU,US,40.838337,-101.164955,"North Platte",US,46.2,9
18326,"Wallis and Futuna",FR,WF,-13.289402,-176.20422,"Mata-Utu",WF,3.3,5
18343,"Wamego",NL,US,39.201942,-96.305,"Manhattan",US,23.1,4
18352,"Ward",NZ,US,31.50076,-103.07812,"Monahans",US,20.4,9
18372,"Warroad",BR,BR,48.905266,-95.31441,"Thief River Falls",US,108.2,15
18408,"Washington Crossing Historical Park",BR,CA,50.78305,-112.8459,"Strathmore",CA,48.1,3
18415,"Waterfalls",BR,BF,10.307181,-4.4351892,"Mangodara",BF,45.8,18
18418,"Waterfront City",ID,ID,4.4458,81.04486,"Devinuwara",LK,172.4,9
18470,"Weimar (Texas)",CZ,US,29.70301,-96.78054,"Giddings",US,55.4,5
18480,"Wellfleet",BR,US,41.937607,-70.0328,"Eastham",US,12.9,41
18482,"Wellingborough",FR,DE,54.33045,8.7737,"Tönning",DE,10.9,7
18539,"Westfjords",IS,GR,38.80404,23.23432,"Orchomenós",GR,41.1,3
18543,"West Frisian Islands",DE,NL,53.448326,5.739961,"Stiens",NL,20.7,4
18581,"Westport (New York)",US,NZ,-41.75777,171.57617,"Greymouth",NZ,84.7,19
18720,"Winkler",RU,US,31.80059,-103.07623,"Kermit",US,6.5,17
18795,"Woodstown",IT,US,39.651505,-75.32825,"Carneys Point",US,13.8,6
18806,"Working abroad",SG,EG,30.267574,31.485502,"Al-'Ubūr",EG,4.3,6
18842,"Xcalak",MX,BZ,18.270376,-87.83596,"San Pedro",BZ,41.7,11
18861,"Xora",ZA,BT,28.447882,91.37802,"Lhuentse",BT,88.8,15
18973,"Yonghe",PH,CN,36.759502,110.62649,"Wayaobu",CN,95.6,50
18981,"Yorke Peninsula and Clare Valley",AU,VC,13.16667,-61.25,"Kingstown",VC,2.8,5
19003,"Yucatán and the South",MX,GB,51.33333,-1.5,"Hungerford",GB,9.2,5
19068,"Zealand",SE,DK,55.545597,11.697374,"Ringsted",DK,12.9,3
19155,"Ascona",CH,IT,46.340363,8.384806,"Domodossola",IT,25.9,10
19211,"Morrisburg",CA,US,44.897705,-75.18295,"Massena",US,23.2,16
19249,"Christianity",PH,US,34.82919,-111.75673,"Sedona",US,4.5,40
19251,"Archaeological sites",CN,US,33.521786,-79.09165,"Murrells Inlet",US,5.7,1
19253,"Norrbotten County",PT,SE,66.98121,19.999165,"Gällivare",SE,33.0,2
19283,"Chiltern Hills",GB,ZA,-29.814722,30.9275,"Pinetown",ZA,4.0,4
19287,"Goliad",BR,US,28.66891,-97.39111,"Victoria",US,40.7,4
19338,"Cushendall",IE,GB,55.08082,-6.0640645,"Ballycastle",GB,17.8,6
19472,"Prehistoric Wessex Trail",GB,US,42.64846,-122.8106,"Eagle Point",US,19.6,11
19496,"Putre",CL,PE,-18.196383,-69.55923,"Tacna",PE,76.1,9
19565,"Koroni",GR,BF,13.311343,-3.9286046,"Nouna",BF,65.1,27
19591,"Diving the Hen and Chicken Islands",NZ,US,43.84451,-74.66239,"Saranac Lake",US,68.6,10
19825,"Lummi Island",CA,US,48.694572,-122.66998,"Bellingham",US,15.2,2
19902,"Blakely Island",BR,ES,28.05203,-16.71774,"Arona",ES,6.4,2
19905,"Lake Tai",AU,TH,6.973029,100.436066,"Hat Yai",TH,6.0,2
19908,"Blake Island",BR,US,47.537434,-122.49303,"Manchester",US,4.4,4
20076,"Sami culture",RU,DZ,35.696297,-0.5753054,"Bir el Djir",DZ,3.8,20
20089,"Storlien",DE,NO,63.316605,12.100724,"Verdal",NO,61.2,27
20145,"Swedish Classic Circuit",SE,DE,52.52413,9.756553,"Isernhagen Farster Bauerschaft",DE,8.3,27
20164,"Fichtelgebirge",CZ,DE,49.97592,11.977594,"Wunsiedel",DE,7.3,3
20175,"Olympic Games",GR,DE,49.103832,8.857037,"Eppingen",DE,5.4,7
20205,"Benson (Arizona)",MX,US,31.967989,-110.294334,"Vail",US,40.4,34
20207,"Mazeri",RU,IN,18.124725,73.596596,"Birvādi",IN,9.7,3
20220,"Lordsburg",MX,ES,38.6783,0.08935,"Calp",ES,5.4,11
20290,"Biesbosch National Park",NL,FR,49.56906,4.357,"Rethel",FR,6.6,12
20415,"New Quay",GB,US,38.41553,-75.05652,"Ocean Pines",US,8.9,3
20490,"DMZ (Korea)",JP,GR,35.36973,24.54263,"Rethymno",GR,5.5,23
20516,"Puerto Rio Tranquilo",AR,AR,-46.623924,-72.676285,"Coyhaique",CL,125.7,7
20547,"Minca",CO,HR,43.19491,17.1394,"Makarska",HR,15.0,13
20603,"Lemmenjoki National Park",NO,NO,68.58333,25.66667,"Kittilä",FI,107.0,12
20651,"Vardzia",TR,GE,41.38092,43.283337,"Akhalkalaki",GE,17.1,12
20654,"Sammanthurai",PT,LK,7.3703313,81.81247,"Kalmunai",LK,5.0,16
20674,"Luoding",CN,ES,38.67878,0.09787,"Teulada",ES,5.7,3
20751,"Baengnyeong Island",KR,KP,37.938976,124.70337,"Changyŏn",KP,48.8,30
20775,"Punta Gallinas",BR,BR,12.458525,-71.668495,"Uribia",CO,105.1,5
20806,"Ko Poda",TH,BA,43.057983,17.890474,"Stolac",BA,6.3,3
20897,"Storuman",RU,SE,65.09508,17.117971,"Lycksele",SE,92.2,6
21032,"Aconcagua",AR,CL,-32.65315,-70.01196,"San Esteban",CL,55.6,7
21046,"Brielle (Netherlands)",ES,NL,51.90166,4.162629,"Rozenburg",NL,5.9,14
21057,"Semenic-Caraș Gorge National Park",RO,IT,43.44217,11.53255,"Montevarchi",IT,9.8,33
21201,"Käsivarsi Wilderness Area",NO,IT,44.83141,9.41722,"Solaro",IT,20.0,33
21326,"Mapungubwe National Park",ZA,ZW,-22.24078,29.48048,"Beitbridge",ZW,53.5,6
21353,"Eretria",IT,ER,15.950032,37.999966,"Ak’ordat",ER,46.4,10
21375,"Bamfield",AU,CA,48.833084,-125.14114,"Port Alberni",CA,51.7,12
21399,"Padasjoki",FI,IT,39.25546,9.57326,"Quartu Sant'Elena",IT,28.0,12
21452,"Oecussi",PT,TL,-9.334919,124.25107,"Pante Makasar",TL,20.9,2
21479,"Peillon",FR,ES,38.6783,0.08935,"Calp",ES,5.4,6
21505,"Amrum",DK,DE,54.68058,8.33043,"Westerland",DE,25.3,11
21522,"Old West",FR,IT,41.13871,14.313234,"San Prisco",IT,6.6,35
21548,"Bakel",SN,ES,28.05203,-16.71774,"Arona",ES,6.4,15
21553,"Nordic history",NO,SE,60.98312,14.73651,"Mora",SE,10.8,20
21557,"War of 1812",US,CA,44.65221,-66.8393,"Eastern Charlotte",CA,50.2,17
21597,"Indigenous cultures of South America",PT,BR,-14.60485,-57.65625,"Tangará da Serra",BR,18.4,11
21601,"Mettlach",FR,DE,49.490387,6.5941796,"Merzig",DE,6.1,12
21699,"Machias Seal Island",BR,CA,44.502304,-67.1018,"Eastern Charlotte",CA,71.1,5
21724,"Ancient Egypt",EG,SG,1.2536728,103.82284,"Telok Blangah",SG,2.6,39
21727,"Surfing",PE,VN,10.950278,108.254456,"Mui Ne",VN,3.7,28
21790,"Industrial Britain",GB,US,41.663143,-72.75435,"New Britain",US,2.1,32
21814,"Astrid Lindgren tourism",SE,DE,53.099888,8.822442,"Bremen",DE,2.9,20
21835,"E6 through Sweden and Norway",RU,NO,62,10,"Røros",NO,95.9,30
21863,"Cedar Crest",MX,US,35.10755,-106.37343,"North Valley",US,23.9,9
21933,"Juist",DE,NL,52.944424,6.9913173,"Musselkanaal",NL,2.1,24
22081,"Veria",GR,NL,51.547516,3.666088,"Arnemuiden",NL,5.1,22
22096,"Mullumbimby",JP,AU,-28.548334,153.50111,"Ocean Shores",AU,5.6,11
22139,"Union Island",VC,GD,12.597242,-61.433537,"Hillsborough",GD,12.9,3
22162,"Chipilo",IT,ES,38.6783,0.08935,"Calp",ES,5.4,4
22163,"Labyrinths",EG,US,38.650368,-122.58181,"Calistoga",US,8.0,6
22168,"Sankt Ulrich",AT,FR,47.595215,7.1182275,"Altkirch",FR,9.6,10
22217,"Hindeloopen",DE,NL,52.94262,5.400482,"Bolsward",NL,16.2,17
22242,"Oldambt",DE,NL,53.22234,7.0689826,"Winschoten",NL,9.0,26
22254,"Veenkoloniën",NL,FR,46.6224,3.48446,"Yzeure",FR,11.7,20
22269,"Westerwolde",DE,NL,52.999466,7.140459,"Musselkanaal",NL,11.2,23
22273,"Hogeland",NL,US,48.85424,-108.65713,"Havre",US,82.6,27
22292,"Prespa (North Macedonia)",GR,MK,40.885864,21.035168,"Resen",MK,22.8,40
22357,"Aviation history",FR,US,30.394962,-84.34503,"Tallahassee",US,7.8,42
22435,"Kysuce",PL,SK,49.310364,18.414398,"Bytča",SK,14.2,6
22441,"City of Hawkesbury",AU,GB,51.489357,-2.588691,"Bristol",GB,3.8,14
22458,"Kastellorizo",GR,TR,36.148563,29.58971,"Kaş",TR,7.3,12
22526,"Hahei",NZ,PG,-2.08333,147.63333,"Lorengau",PG,40.6,17
22541,"Albufera Natural Park",ES,AU,-34.5902,150.6012,"Albion Park",AU,16.1,41
22579,"Marker",NO,IN,18.600409,82.90463,"Sunabeda",IN,16.3,4
22582,"Pushpagiri Wildlife Sanctuary",IN,US,32.90874,-97.58419,"Azle",US,3.9,6
22624,"Södra Kungsleden",NO,SE,59.09184,15.158297,"Kumla",SE,4.1,41
22645,"Tubac",ES,US,31.61259,-111.04592,"Rio Rico",US,17.0,26
22711,"Elgol",FR,GB,57.149235,-6.10143,"Fort William",GB,70.4,2
22747,"L'Estartit",FR,ES,42.051216,3.1990824,"Torroella de Montgrí",ES,6.0,42
22762,"Cerro Colorado",US,PE,-16.297998,-71.57395,"Cono Norte",PE,3.0,2
22779,"Hemavan",SE,NO,65.807,15.046,"Mo i Rana",NO,69.5,13
22785,"Deserts",AU,FR,45.620956,6.0113907,"Saint-Alban-Leysse",FR,6.3,15
22830,"Mariscal Estigarribia",AR,PY,-22.029793,-60.59845,"Filadelfia",PY,67.8,7
22846,"Troisvierges",PT,LU,50.121265,6.002074,"Wiltz",LU,18.0,9
22854,"Oulx",IT,FR,45.0289,6.8323107,"Briançon",FR,20.7,15
22861,"Lion's Head",CA,ZA,-33.93504,18.389141,"Cape Town",ZA,3.3,22
22901,"Mustvee",RU,EE,58.8484,26.934782,"Jõgeva",EE,33.1,11
22921,"Novo Selo",GR,BA,45.094227,15.592689,"Šturlić",BA,14.9,13
22996,"Söğüt",CN,TR,40.015553,30.181427,"Bozüyük",TR,17.2,8
23055,"Prehistoric Pile Dwellings around the Alps",CH,JM,18.33333,-77.51667,"Duncans",JM,15.1,41
23066,"Kremnica",HU,SK,48.704212,18.917484,"Handlová",SK,11.8,37
23103,"Friesach",IT,AT,46.952065,14.405227,"Sankt Veit an der Glan",AT,20.7,6
23160,"Puhoi",CZ,NZ,-36.512093,174.66112,"Orewa",NZ,7.8,8
23228,"Red Lake (Ontario)",CA,ES,28.05203,-16.71774,"Arona",ES,6.4,10
23284,"Streymoy",DK,DK,62.12372,-7.015883,"Miðvágur",FO,12.3,9
23308,"Eymet",PT,FR,44.66812,0.3984795,"Bergerac",FR,21.4,7
23317,"Pangaion Hills",GR,US,41.55419,-91.53489,"Iowa City",US,11.9,38
23356,"Sikhism",GB,IN,30.87504,75.840126,"Gil",IN,3.8,13
23375,"Tidore",ES,ID,0.6786796,127.44832,"Sofifi",ID,13.9,12
23529,"Alona Beach",PH,VN,13.51396,109.34533,"Sông Cầu",VN,14.7,29
23590,"Khmer Empire",TH,KH,13.904355,103.53183,"Chŏng Kal",KH,7.3,22
23598,"Begur",GB,ES,41.954193,3.208835,"Palafrugell",ES,5.6,26
23610,"Hluboká nad Vltavou",CZ,ES,38.67878,0.09787,"Teulada",ES,5.7,14
23613,"Crown Point (Trinidad and Tobago)",ES,TT,11.158897,-60.834625,"Scarborough",TT,11.1,5
23632,"Říp",CZ,SY,33.519497,37.076073,"Jayrūd",SY,44.7,12
23638,"Chocolate",CH,MX,16.932926,-95.090576,"Colonia Rincón Viejo",MX,6.9,21
23666,"Cuispes",BR,PE,-5.909203,-77.914314,"Pedro Ruiz Gallo",PE,8.3,6
23733,"Jurmo",SE,FI,60.51694,21.076616,"Uusikaupunki",FI,36.3,12
23748,"Pello",SE,SE,66.804085,23.977188,"Kittilä",FI,103.5,13
23754,"Ebor",AU,NG,5.475014,6.05976,"Ughelli",NG,6.4,7
23788,"Noordoewer",ZA,NA,-28.721968,17.617977,"Aussenkehr",NA,44.7,2
23830,"Baudette",CA,US,48.71244,-94.600174,"International Falls",US,88.2,8
23846,"Deo",JP,IN,24.657434,84.43719,"Aurangābād",IN,12.3,4
23868,"Fort Liberté",FR,BE,50.627563,3.603425,"Leuze",BE,3.1,3
23921,"Lal-lo",ES,PH,18.20005,121.661995,"Magapit",PH,7.0,15
23928,"High Coast",SE,GB,52.925762,-4.1291585,"Caernarfon",GB,25.8,19
23978,"The Wayfarer's Path of Leonardo da Vinci",CH,GB,50.582893,-1.270857,"Ventnor",GB,4.7,3
23990,"Saho",IN,BF,12.261606,-3.008191,"Dédougou",BF,54.0,1
24038,"Age of Discovery",CN,US,42.917824,-85.84917,"Jenison",US,4.8,14
24115,"Ashburnham",CA,GB,50.908596,0.3914751,"Battle",GB,6.6,5
24117,"Salla",RU,AT,47.108597,14.972965,"Voitsberg",AT,15.4,39
24128,"Field hockey",AR,US,35.204113,-85.910194,"Winchester",US,18.5,3
24142,"Muonio",SE,FI,67.95934,23.677404,"Kittilä",FI,60.7,31
24185,"Via Pontica",RO,IT,44.57433,11.470535,"Granarolo dell'Emilia e Viadagola",IT,3.2,39
24194,"Functionalist architecture in Finland",FI,ES,42.30664,-3.50125,"Gamonal",ES,15.2,43
24252,"Záhony",AT,UA,48.402905,22.178768,"Chop",UA,3.7,31
24271,"Speakeasies",US,MX,25.12444,-100.47639,"Santiago",MX,46.6,27
24416,"Gold River (British Columbia)",CA,FR,45.070683,6.69503,"Briançon",FR,19.5,14
24443,"Oeste",PT,BR,-28.753176,-52.015285,"Serafina Corrêa",BR,9.1,15
24479,"Athenry",AU,IE,53.29919,-8.74683,"Loughrea",IE,16.5,11
24481,"Huxi",TW,CN,29.179052,120.387146,"Ānwén",CN,14.2,31
24490,"Masset",CA,CA,54.012447,-132.14522,"Ketchikan",US,151.2,23
24555,"On the trail of Alexander the Great",GR,ZA,-26.262312,27.996586,"Johannesburg",ZA,8.2,29
24667,"Marjayoun",FR,LB,33.359253,35.590214,"Kfar Kila",LB,9.8,6
24880,"Quirindi",AU,TZ,-10.613341,40.56546,"Madimba",TZ,34.7,38
24908,"West Interlake",CA,ES,28.05203,-16.71774,"Arona",ES,6.4,14
24943,"Dracula",AT,UA,45.524536,29.494045,"Shevchenkove",UA,12.9,2
25153,"Philosophy tourism",CH,ES,38.6783,0.08935,"Calp",ES,5.4,10
25171,"Redwater",CA,US,33.35818,-94.254364,"Wake Village",US,15.7,11
25227,"Campo Maior",PT,ES,39.38598,-7.1091623,"Valencia de Alcántara",ES,12.0,9
25252,"Norrbotten Megasystem",NO,PL,51.60964,15.8428,"Przemków",PL,10.0,9
25443,"Modhera",IN,EG,25.1625,34.26176,"Marsa Alam",EG,64.2,21
25478,"Louiseville",CA,AT,47.36746,12.7149,"Zell am See",AT,8.0,38
25757,"Mistaken Point Ecological Reserve",CA,ES,28.05203,-16.71774,"Arona",ES,6.4,1
25884,"Merikarvia",FI,FR,44.88349,1.64342,"Gourdon",FR,26.4,19
26056,"Voyages of Matthew Flinders",FR,ES,40.90781,-3.86213,"San Ildefonso",ES,12.2,8
26073,"Springbrook",AU,AU,10.22323,48.88367,"Bosaso",SO,122.4,8
26076,"San Fili",IT,FR,42.27808,9.77354,"Borgo",FR,41.9,27
26107,"Turkish TV series tourism",TR,IT,38.34854,15.89304,"Palmi",IT,3.8,40
26126,"Taman Mini Indonesia Indah",ID,DZ,36.01159,3.08254,"’Aïn Boucif",DZ,15.0,40
26221,"Vimpeli",FI,ES,40.34025,-1.76244,"Cuenca",ES,43.8,21
26230,"Kitee",FI,IT,45.66677,10.63721,"Toscolano Maderno",IT,3.8,6
26235,"Adaminaby",AU,IN,11.17206,77.66062,"Arachchalūr",IN,4.5,4
26238,"Karwendel Nature Park",AT,ES,42.8238,0.47658,"Vielha",ES,29.4,6
26326,"Goths",ES,MA,34.59258,-6.77622,"Mehdya",MA,38.6,7
26357,"Longue-Rive",CA,ES,38.6783,0.08935,"Calp",ES,5.4,23
26369,"Arctic wildlife",RU,RU,42.93859,33.70214,"İnebolu",TR,106.8,12
26389,"Swedish Grace tour",SE,ES,39.36046,-5.9071,"Trujillo",ES,11.0,27
26460,"Voyages of Ibn Battuta",CN,AF,34.21105,61.94619,"Chahār Burj",AF,22.9,42
26484,"Tzoumerka National Park",GR,ES,39.0379,2.54596,"Son Ferrer",ES,51.2,35
26532,"Monk's Cowl Nature Reserve",ZA,NE,14.52517,0.48702,"Bankilaré",NE,26.4,12
26578,"Marktl",DE,FR,45.50639,5.58649,"La Tour-du-Pin",FR,12.9,12
26697,"Ingonish",CA,US,48.46446,-101.05609,"Minot Air Force Base",US,21.4,8
26713,"Maydena",AU,ES,42.45544,-8.80825,"Meaño",ES,2.4,4
26862,"Hartola",SE,FR,48.34148,3.23705,"Sens",FR,16.4,9
26899,"Föglö",FI,US,36.13732,-86.69992,"Nashville",US,8.2,9
26901,"Lemland",FI,FI,60.07,20.085,"Mariehamn",AX,8.9,12
27079,"Palizada",FR,IT,39.25546,9.57326,"Quartu Sant'Elena",IT,28.0,10
27088,"Václav Havel Airport Prague",TR,IT,38.45095,11.98581,"Trapani",IT,68.1,23
27122,"Vikersund",NO,IT,46.47501,9.80798,"Sondrio",IT,34.4,5
27123,"Waipoua Forest",NZ,UA,48.65811,23.28091,"Volovets",UA,9.2,7
27180,"Board games",DE,DE,44.35734,-3.2859,"Santoña",ES,102.5,7
27190,"Mikulov",CZ,ES,38.6783,0.08935,"Calp",ES,5.4,19
27350,"Sauris",IT,ES,38.9521,0.77396,"Sant Antoni de Portmany",ES,45.9,7
27456,"Šilutė",DE,ES,38.67878,0.09787,"Teulada",ES,5.7,3
27470,"Atlasov Island",RU,IT,40.34533,15.79876,"Sala Consilina",IT,18.6,4
27614,"Fort Fairfield",CA,ES,41.91677,-8.7763405,"O Rosal",ES,5.4,9
27751,"Figari",FR,IT,44.26076,6.98466,"Dronero",IT,37.6,14
27901,"Theatre",GR,ES,38.81738,-6.04939,"Guareña",ES,6.4,10
27952,"Frómista",ES,MA,33.53189,-7.5999,"Casablanca",MA,6.4,3
27963,"Temora",AU,AU,22.71872,43.92875,"Afif",SA,167.7,7
28100,"Northeast Tyrol",AT,IT,47.211445,11.97688,"Valle Aurina - Ahrntal",IT,23.9,6
28117,"Swedish canon",SE,DE,53.13897,14.2816,"Schwedt (Oder)",DE,8.8,25
28122,"Hapcheon",KR,ES,38.56288,1.68172,"Ibiza",ES,44.1,40
28147,"Goheung",KR,AF,36.99697,69.12402,"Dasht-e Archī",AF,15.6,22
28286,"Thessalon",CA,US,48.71274,-99.57111,"Devils Lake",US,84.6,5
28432,"Heuvelland (Belgium)",BE,FR,50.767,2.817,"Bailleul",FR,6.7,13
28446,"Pelluhue",CL,ES,38.67878,0.09787,"Teulada",ES,5.7,7