hotel_id,nome,old_destino_id,pais_code,razao
261348,Berlin Marathon,19740,DE,cidade
261349,Boston Marathon,19740,US,cidade
261350,Chicago Marathon,19740,US,cidade
261351,London Marathon,19740,CA,cidade
261352,New York City Marathon,19740,,
261353,Tokyo Marathon,19740,JP,cidade
261354,Amsterdam Marathon,19740,NL,cidade
261355,Barcelona Marathon,19740,VE,cidade
261356,Beijing Marathon,19740,CN,cidade
261357,Dubai Marathon,19740,AE,cidade
261358,Finlandia Marathon,19740,FI,pais
261359,Helsinki City Marathon,19740,FI,cidade
261360,Hong Kong Marathon,19740,,
261361,Istanbul Marathon,19740,TR,cidade
261362,Mexico City International Marathon,19740,MX,pais
261363,Osaka Marathon,19740,JP,cidade
261364,Paavo Nurmi Marathon,19740,,
261365,Paris Marathon,19740,FR,cidade
261366,Prague Marathon,19740,CZ,cidade
261367,Maraton do Rio,19740,,
261368,Rome Marathon,19740,IT,cidade
261369,Rotterdam Marathon,19740,NL,cidade
261370,Shanghai Marathon,19740,CN,cidade
261371,Sydney Marathon,19740,AU,cidade
261372,Xiamen International Marathon,19740,CN,cidade
262292,Maralinga atomic test site,19874,,
262302,"Hanford Site near [[Richland]], Washington, USA",19874,US,bracket
262304,Memorial complex of Obninsk Nuclear Power Plant,19874,,
262309,"National Museum of Nuclear Science & History in [[Albuquerque]], USA",19874,MX,bracket
262310,"Savannah River Site, South Carolina, USA",19874,US,pais
262320,TRIGA Mark I,19874,,
262324,The Ignalina Nuclear Power Plant,19874,,
262325,Bataan Nuclear Power Plant,19874,PH,cidade
262326,Kalkar,19874,,
262327,Zwentendorf Nuclear Power Plant,19874,,
262328,"Żarnowiec, [[Poland]]",19874,PL,bracket
279326,Hamlet and Susan,21218,US,pais
279327,Ira,21218,,
279328,Artur and Sveta,21218,,
279329,Nikolai,21218,,
279330,Vardan,21218,,
279331,Armo,21218,,
279332,Aro,21218,,
279333,Officer Samvel,21218,,
279334,Samvel the younger,21218,,
279335,Tiko,21218,,
279336,Vasak and Tatevik,21218,,
279337,Henrikh and Madlen Stepanian,21218,,
279338,Mardik sister,21218,,
279339,Surik and Zamira Hayrapetian,21218,,
279341,Guesthouse Nadejda,21218,,
279342,Ulmar,21218,,
279343,Alvart Dadayan,21218,,
279344,Gago,21218,,
279345,Nver Dadayan,21218,,
279346,Albert and Laura,21218,FR,cidade
279347,Armen and Luisa,21218,,
279348,Elmira (Emma) Hairapetian,21218,,
279349,Suren,21218,,
279350,Artur and Anahit Babayan,21218,,
279351,Onnik and Amalia Balassanian,21218,,
279352,Sergey and Nadia Harutyunian,21218,,
279353,Narimon House,21218,,
279354,Artush Mangasaryan,21218,,
279355,Gagik Zakharyan,21218,,
279356,Fedya Ohanyan,21218,,
279357,Valo and Mareta Ohanyan,21218,,
279358,Vano (Vanya) and Nurvard,21218,,
279359,Vazgen and Dzovinar Baghdasarian,21218,,
279360,Ara and Inga Adamian,21218,,
279361,Elmard and Hranush (Sonia) Sarafian,21218,,
279362,Vova and Alina Begnazarian,21218,,
279363,Gegham Badalyan,21218,,
279364,Hayk and Mrs. Alvart Danielian,21218,,
279365,Lova and Mrs. Maret,21218,,
282532,[[Qingdao]],21496,CN,bracket
282533,[[Brest (Belarus),21496,,
282534,[[Ypres]],21496,BE,bracket
282535,[[Sarajevo]],21496,BA,bracket
282536,[[Verdun]],21496,FR,bracket
282537,Vimy Ridge,21496,,
282538,Forest of [[Compiègne]],21496,US,cidade
282539,Lochnagar mine,21496,,
282540,[[Kiel]],21496,DE,bracket
282541,Manfred von Richthofen's grave,21496,,
282542,Battle of Tannenberg,21496,GB,cidade
282543,[[Gallipoli]],21496,,
282544,Historial of the Great War Péronne,21496,,
282545,Historial of the Great War Thiepval,21496,,
282546,Somme Trench Museum,21496,,
282547,Museum of the Great War Pays de Meaux,21496,,
282548,U.S. National WWI Museum and Memorial,21496,,
282549,Fort Wohlgemuth & World War I Museum,21496,,
282550,First World War Chinese Laborers Memorial,21496,,
284661,"Great Salt Lake, [[Utah]]",21626,,
284662,[[La Macarena]],21626,CO,bracket
284663,Western Lake Erie,21626,,
287739,Abdeen Palace,21867,,
287740,Ras el Tin Palace,21867,,
287741,Menelik Palace,21867,,
287742,Fasil Ghebbi,21867,,
287743,Forbidden City,21867,,
287744,Gyeongbokgung,21867,,
287745,Changdeokgung,21867,,
287746,Topkapı Palace,21867,,
287747,Dolmabahçe Palace,21867,,
287748,Narayanhiti Palace,21867,,
287749,Mysore Palace,21867,IN,cidade
287750,Red Fort,21867,,
287751,Royal Palace of Kandy,21867,,
287752,[[Isfahan#Palaces,21867,,
287753,[[Samarkand#Q1373583,21867,,
287754,"Royal Palace, Luang Prabang",21867,,
287755,Potala Palace,21867,,
287756,[[Babylon]],21867,PL,bracket
287757,Schloss Neuschwanstein,21867,,
287758,Potsdam and Berlin,21867,DE,cidade
287759,Palace of Versailles,21867,,
287760,Palace of Fontainebleau,21867,,
287761,Moscow Kremlin,21867,RU,cidade
287762,Peterhof Palace,21867,DE,cidade
287763,State Hermitage Museum,21867,,
287764,Catherine Palace,21867,,
287765,Royal Castle of Warsaw,21867,,
287766,[[Kraków/Old Town,21867,,
287767,Hofburg,21867,,
287768,[[Budapest/Budavár,21867,,
287769,[[Prague/Castle and Lesser Town,21867,,
287770,Royal Palace of Turin,21867,,
287771,Quirinal Palace,21867,,
287772,Palazzo Pitti,21867,,
287773,Royal Palace of Caserta,21867,,
287774,Dresden Castle,21867,DE,cidade
287775,Palace of Ajuda,21867,,
287776,Palace of Queluz,21867,,
287777,Royal Palace of Romania,21867,RO,pais
287778,Cotroceni Palace,21867,,
289207,"[[Amsterdam]], Netherlands",22000,NL,bracket
289209,"[[Cambridge]], England",22000,GB,bracket
289210,"[[Edinburgh]], Scotland",22000,GB,bracket
289211,"[[Glasgow]], Scotland",22000,GB,bracket
289212,"[[London]], England",22000,CA,bracket
289213,[[Worcester (England),22000,GB,pais
289214,"[[York]], England",22000,GB,bracket
289215,"[[Yerevan]], Armenia",22000,AM,bracket
289216,"[[Bayreuth]], Germany",22000,DE,bracket
289217,"[[Berlin]], Germany",22000,DE,bracket
289218,"[[Bonn]], Germany",22000,DE,bracket
289221,"[[Dresden]], Germany",22000,DE,bracket
289222,"[[Eisenach]], Germany",22000,DE,bracket
289225,"[[Halle]], Germany",22000,DE,bracket
289226,"[[Hamburg]], Germany",22000,DE,bracket
289227,"[[Leipzig]], Germany",22000,DE,bracket
289228,"[[Munich]], Germany",22000,DE,bracket
289232,"[[Salzburg]], Austria",22000,AT,bracket
289234,"[[Weimar]], Germany",22000,DE,bracket
289235,"[[Żelazowa Wola]], Poland",22000,PL,pais
289236,"[[Bordeaux]], France",22000,FR,bracket
289237,"[[Lille]], France",22000,FR,bracket
289238,"[[Montfort-l'Amaury]], France",22000,FR,pais
289239,"[[Paris]], France",22000,FR,bracket
289240,"[[Saint-Germain-en-Laye]], France",22000,FR,bracket
289241,"[[Strasbourg]], France",22000,FR,bracket
289242,"[[Aranjuez]], Spain",22000,ES,bracket
289244,"[[Lisbon]], Portugal",22000,PT,bracket
291006,Kirstenbosch National Botanical Garden,22161,,
291008,Namib-Naukluft National Park,22161,GB,pais
291009,China National Botanical Garden,22161,CN,pais
291010,Qinling National Botanical Garden,22161,,
291011,South China National Botanical Garden,22161,CN,pais
291012,Yuyuan Garden,22161,,
291013,Bogor Botanical Gardens,22161,ID,cidade
291014,National Botanical Garden of Iran,22161,,
291015,Batu Pahat Botanical Park,22161,ID,cidade
291016,[[Kuala Lumpur/Botanical Garden,22161,,
291017,Melaka Botanical Garden,22161,,
291018,National Botanical Garden Shah Alam,22161,,
291019,Penang Botanic Gardens,22161,MY,cidade
291020,Putrajaya Botanical Garden,22161,MY,cidade
291021,Rimba Ilmu Botanical Gardens,22161,,
291022,Zaharah Botanic Gardens,22161,,
291023,National Kandawgyi Gardens,22161,,
291024,Singapore Botanic Gardens,22161,SG,pais
291025,Botanic Garden Meise,22161,,
291026,Kaisaniemi Botanic Garden,22161,,
291027,Hatanpää Arboretum,22161,,
291028,Jardin botanique de Bordeaux,22161,,
291029,Jardin des Plantes,22161,,
291030,Palmengarten,22161,,
291032,National Botanic Gardens,22161,,
291033,Medici Villas and Gardens,22161,,
291034,Botanic Garden,22161,,
291035,Arctic Alpine Botanic Garden,22161,RO,cidade
291037,Stora Alvaret,22161,,
291038,"Royal Botanic Gardens, Kew",22161,,
295557,Santa's Village and Sportsland Theme Park,22523,,
295558,[[Drøbak]],22523,,
295559,[[Rovaniemi]],22523,FI,bracket
299026,"[[Stockholm]], Sweden",22784,SE,bracket
299027,Blackeberg,22784,,
299028,"[[Ystad]], Sweden",22784,DE,bracket
299029,"[[Copenhagen]], Denmark",22784,DK,bracket
299030,[[Copenhagen/Nørrebro,22784,,
299031,Oslo Opera House,22784,NO,cidade
299032,"[[Lillehammer]], Norway",22784,NO,bracket
299033,Öresund-Bridge,22784,,
299034,Borgafjäll,22784,,
299035,"[[Lappeenranta]], Finland",22784,FI,bracket
299036,"[[Tampere]], Finland",22784,FI,bracket
299037,[[Siglufjörður]],22784,,
300417,"Disneyland Park, California",22898,US,cidade
300419,"Disneyland Paris, France",22898,FR,pais
300425,[[Death Valley National Park]],22898,US,bracket
300427,Hardangerjøkulen,22898,,
300428,[[Redwood National Park]],22898,US,bracket
300430,[[Salar de Uyuni]],22898,BO,bracket
301306,[[O.R. Tambo International Airport,22974,,
301307,[[Zayed International Airport,22974,,
301308,[[Ngurah Rai International Airport,22974,,
301309,[[Kempegowda International Airport,22974,,
301310,[[Suvarnabhumi Airport]] (,22974,TH,bracket
301311,[[Beijing Capital Airport,22974,,
301312,[[Beijing Daxing International Airport,22974,,
301313,[[Gimhae International Airport,22974,,
301314,[[Indira Gandhi International Airport,22974,,
301315,[[Hamad International Airport,22974,,
301316,[[Dubai International Airport,22974,,
301317,[[Guangzhou Baiyun International Airport,22974,,
301318,[[Hong Kong International Airport,22974,,
301319,[[Soekarno-Hatta International Airport,22974,,
301320,[[Kuala Lumpur International Airport,22974,,
301321,[[Ninoy Aquino International Airport,22974,,
301322,[[Kualanamu International Airport,22974,,
301323,[[Chhatrapati Shivaji Maharaj International Airport,22974,,
301324,[[Chubu Centrair International Airport,22974,,
301325,[[Kansai International Airport,22974,,
301326,[[Incheon International Airport,22974,,
301327,[[Shanghai Pudong International Airport,22974,,
301328,[[Singapore Changi Airport,22974,SG,pais
301329,[[Taiwan Taoyuan International Airport,22974,,
301330,[[Ben Gurion Airport]] (,22974,,
301331,[[Tokyo Haneda Airport,22974,,
301332,[[Tokyo Narita Airport,22974,,
301333,[[Schiphol Airport]] (,22974,NL,bracket
301334,[[Barcelona El Prat Airport,22974,,
301335,[[Berlin Brandenburg International Airport,22974,,
301336,[[Copenhagen Airport]] (,22974,SE,bracket
301337,[[Dublin Airport]],22974,IE,bracket
301338,[[Frankfurt Airport]] (,22974,DE,bracket
301339,[[Helsinki Airport]] (,22974,FI,bracket
301340,[[Istanbul New Airport,22974,,
301341,[[Lisbon Airport]] (,22974,PT,bracket
301342,[[Heathrow Airport]] (,22974,GB,bracket
301343,[[Gatwick Airport]] (,22974,GB,bracket
301344,[[Stansted Airport]] (,22974,,
302211,Maison Guiette,23042,,
302213,Cité Frugès,23042,,
302214,Villa Savoye et loge du jardiner,23042,,
302215,Immeuble locatif à la Porte Molitor,23042,,
302216,Unité d’habitation,23042,,
302217,La Manufacture à Saint-Dié,23042,,
302218,Chapelle Notre-Dame-du-Haut de Ronchamp,23042,,
302219,Cabanon de Le <!--(sic)--> Corbusier,23042,,
302220,Couvent Sainte-Marie-de-la-Tourette,23042,,
302221,Maison de la Culture de Firminy,23042,,
302222,Weissenhof Estate,23042,,
302224,National Museum of Western Art,23042,,
302225,Villa Le Lac,23042,,
304288,Museum Kura Hulanda,23214,,
304290,Bois Caïman,23214,,
304293,Abraham Lincoln Presidential Library and Museum,23214,,
304295,Whitney Plantation,23214,,
304296,Evergreen Plantation,23214,,
306595,The final race at Terminal Island,23433,,
308947,[[London]],23603,CA,bracket
308948,[[Liverpool]],23603,GB,bracket
308949,Rock and Roll Hall of Fame and Museum,23603,US,cidade
308950,Memphis Rock 'n' Soul Museum,23603,US,cidade
308951,Graceland,23603,,
308952,Buddy Holly Crash Site,23603,,
308953,Bethel Woods Center for the Arts,23603,,
308954,ABBA the Museum,23603,,
308955,Finnish Music Hall of Fame,23603,,
308956,Metallica House,23603,,
308957,Blueberry Hill,23603,,
308958,Bodom Bar & Sauna,23603,,
317912,Military Manpower Administration,24303,,
317915,Famagusta/Larnaca Enlistment Office,24303,,
318843,[[Antarctica]],24368,,
318844,[[Tierra del Fuego]],24368,AR,bracket
318845,[[Falkland Islands]],24368,GB,bracket
318846,"[[Phillip Island]], Victoria",24368,AU,bracket
318847,"Penguin Island, [[Rockingham (Western Australia)",24368,AU,pais
318848,[[Tasmania]],24368,,
318849,"[[Macquarie Island]], Tasmania",24368,,
318850,[[New Zealand]],24368,NZ,bracket
318851,South Africa,24368,ZA,pais
318852,[[Galapagos Islands]],24368,BR,bracket
318853,[[Kangaroo Island]],24368,AU,bracket
318854,[[Great Australian Bight Marine Park]],24368,AU,bracket
323686,[[Aachen,24748,,
323687,[[Avignon]],24748,FR,bracket
323688,[[Barcelona]],24748,VE,bracket
323689,[[Battle]],24748,GB,bracket
323690,[[Bremen]],24748,DE,bracket
323691,[[Bruges]],24748,BE,bracket
323692,[[Carcassonne]],24748,FR,bracket
323693,[[Constantinople]],24748,,
323694,"[[Cordoba (city, Spain)",24748,ES,pais
323695,[[Dubrovnik]],24748,HR,bracket
323696,[[Florence]],24748,IT,bracket
323697,[[Genoa]],24748,IT,bracket
323698,[[Granada]],24748,ES,bracket
323699,[[Kraków]],24748,,
323700,[[Lübeck]],24748,,
323701,[[Malbork]],24748,PL,bracket
323702,[[Nördlingen]],24748,,
323703,[[Novgorod]],24748,RU,bracket
323704,[[Prague]],24748,CZ,bracket
323705,[[Rothenburg ob der Tauber]],24748,DE,bracket
323706,[[Santiago de Compostela]],24748,ES,bracket
323707,[[Sigtuna]],24748,SE,bracket
323708,[[Stockholm]],24748,SE,bracket
323709,[[Tallinn]],24748,EE,bracket
323710,[[Toledo (Spain),24748,ES,pais
323711,[[Trier]],24748,DE,bracket
323712,[[Tours]],24748,FR,bracket
323713,[[Trabzon]],24748,TR,bracket
323714,[[Uppsala]],24748,SE,bracket
323715,[[Venice]],24748,IT,bracket
323716,[[Visby]],24748,SE,bracket
323717,[[Worms]],24748,DE,bracket
323718,[[York]],24748,GB,bracket
326735,Amalienborg,24977,,
326736,Rosenborg Castle,24977,,
326737,Roskilde Cathedral,24977,DK,cidade
326738,Royal Palace,24977,,
326739,Gamlehaugen,24977,,
326740,Stiftsgaarden,24977,,
326741,Regalia of Norway,24977,NO,pais
326742,Nidaros Cathedral,24977,,
326743,Royal Mausoleum at Akershus castle,24977,,
326744,Drottningholm Palace,24977,,
326745,Stockholm Cathedral,24977,SE,cidade
326746,Riddarholmen Church,24977,,
326748,Stones of Mora,24977,,
326749,Hagaparken,24977,,
326750,The Haga Park Museum,24977,,
326751,Gustav III:s pavilion,24977,,
326752,Ulriksdal Palace,24977,,
326753,Rosendal Palace,24977,NO,cidade
326754,Rosendal Gardens,24977,NO,cidade
326755,Rosersberg Palace,24977,,
326756,Tullgarn Palace,24977,,
326757,Gripsholms slott,24977,,
327927,Augsburg textile and industry museum,25060,DE,cidade
327929,Big Pit National Coal Museum,25060,,
327931,TextilWerk Bocholt LWL Industrial Museum,25060,,
327932,The International City of Lace and Fashion,25060,,
327933,"Italian Centre for Coal Mining, Culture]]",25060,,
327937,Derwent Valley Mills,25060,,
327939,LWL Industrial Museum Zollern II/IV Colliery,25060,,
327940,North Duisburg Landscape Park,25060,,
327941,Verdant Works,25060,,
327942,Imperial War Museum Duxford,25060,US,cidade
327945,Zollverein Coal Mine Industrial Complex World Heritage Site,25060,,
327946,LVR Industrial Museum Mueller Cloth Mill,25060,,
327947,Falun Mine,25060,SE,cidade
327948,"German Clock Museum, German Clock Route",25060,,
327949,Museum of Industrial Archaeology and Textile,25060,,
327953,Espace Métal,25060,,
327960,Westphalian Industrial Museum Brick Works Lage,25060,,
327961,New Lanark,25060,,
327963,National Slate Museum,25060,,
327964,"Manufaktura, Museum of the Factory",25060,,
330057,Flashman,25216,,
330061,Flashman's Lady,25216,,
330062,[[Singapore]],25216,SG,bracket
330064,Flashman and the Mountain of Light,25216,,
330069,[[New Orleans]],25216,US,bracket
330070,Flashman and the Redskins,25216,,
330072,[[Santa Fe Trail]],25216,,
330074,Flashman at the Charge,25216,,
330078,Flashman in the Great Game,25216,,
330079,Rani Lakshmibai,25216,,
330084,Flashman and the Angel of the Lord,25216,,
330085,Flashman and the Dragon,25216,,
330088,[[Beijing/Haidian#Old_Summer_Palace,25216,,
330089,Flashman on the March,25216,,
330093,Flashman and the Tiger,25216,,
330094,[[Dundee_(KwaZulu-Natal)#Isandlwana Battlefield,25216,,
340480,Blackbeard's Castle,26130,,
340481,Christiansted National Historic Site,26130,VI,cidade
340482,Fort Christian,26130,,
340483,Fort Frederik,26130,,
340484,Creque Marine Railway,26130,,
340485,St Olaf's Church,26130,,
340486,National Museum of the Faroe Islands,26130,,
340487,Saint Olav's Church,26130,,
340488,Skansin,26130,,
340489,Tórshavn Cathedral,26130,,
340490,Fort Augustaborg,26130,,
340491,Fort Christiansborg,26130,,
340492,Fort Fredensborg,26130,,
340493,Fort Kongenstein,26130,,
340494,Fort Prinzenstein,26130,,
340495,Básendar,26130,,
340496,Eskifjörður,26130,,
340497,Nicobar Islands,26130,,
340498,Danmarksnagore,26130,,
340499,[[Tranquebar,26130,,
340500,Akershus Fortress,26130,,
340501,Kristiansten Fortress,26130,,
340502,Fredriksten Fortress,26130,,
340503,[[Lund]],26130,SE,bracket
340504,[[Kirkwall]],26130,GB,bracket
345217,[[Aachen]],26544,DE,bracket
345218,Iesi,26544,,
345219,[[Vienna]],26544,AT,bracket
345220,[[Worms]],26544,DE,bracket
345221,[[Prague]],26544,CZ,bracket
345460,Branch Brook Park,26571,,
345463,Waterlands Park,26571,,
345464,South Orange Performing Arts Center (SOPAC),26571,,
345468,Cryan's,26571,,
345469,Gas Light Brewery & Restaurant,26571,,
345470,Neelam Exotic Indian Cuisine,26571,IN,pais
345471,Reservoir Restaurant,26571,,
345474,Chris's Texas Weiner Family Restaurant,26571,,
345478,Courtyard West Orange,26571,,
346080,Naturpark Attersee-Traunsee,26640,,
346081,Vrani kamen,26640,,
346082,Jelsa,26640,,
346083,[[Anholt]],26640,SE,bracket
346084,Bulbjerg,26640,,
346085,Mandø,26640,,
346086,[[Møn]] and Nyord,26640,,
346087,[[Cévennes National Park]],26640,,
346088,[[Millevaches Natural Regional Park]],26640,,
346089,[[Morvan Regional Natural Park]],26640,FR,bracket
346090,Regional Natural Park of [[Vercors]],26640,FR,bracket
346091,[[Bavarian Forest National Park]],26640,CZ,bracket
346092,[[Eifel National Park]],26640,,
346093,Winklmoosalm,26640,,
346094,Aenos National Park,26640,,
346095,[[Bükk]] Mountains,26640,,
346096,[[Hortobágy]] National Park,26640,,
346097,Zselic Starry Sky Park,26640,,
346098,De Boschplaat,26640,,
346099,Lauwersmeer National Park,26640,,
346100,Artis (zoo),26640,,
346101,Øvre Pasvik National Park,26640,,
346102,Gantrisch Regional Nature Park,26640,,
346640,Science Museum of Long Island,26699,,
346641,Plandome Country Club,26699,,
346642,Plandome Heights Village Preserve,26699,,
346643,Plandome Pond Park,26699,,
346644,Plandome Village Hall,26699,,
347606,[[Lake Nakuru National Park]],26807,KE,bracket
347607,Mai Po Marshes,26807,,
347608,[[Bhitarkanika Mangroves]],26807,,
347609,Bhoj Wetland,26807,,
347610,Chandra Taal,26807,,
347611,[[Chilika Lake]],26807,IN,bracket
347612,Deepor Beel,26807,,
347613,East Calcutta Wetlands,26807,,
347614,Gulf of Mannar Marine Biosphere Reserve,26807,,
347615,Hirakud Reservoir,26807,,
347616,Karikili Bird Sanctuary,26807,,
347617,[[Kerala Backwaters]],26807,IN,bracket
347618,Pallikaranai Wetland,26807,,
347619,Point Calimere Wildlife and Bird Sanctuary,26807,,
347620,Runn of Kutch,26807,,
347621,[[Sundarbans]],26807,,
347622,Thane Creek,26807,IN,cidade
347623,Vedanthangal Bird Sanctuary,26807,,
347624,[[Olango_Island#Olango Wildlife Sanctuary,26807,,
347625,Akyatan Lagoon,26807,,
347626,[[Izmir#Q6043373,26807,,
347627,[[Silifke#See,26807,,
347628,[[Kızılırmak Delta Bird Reserve,26807,,
347629,Kızören Sinkhole,26807,,
347630,[[Burdur,26807,,
347631,[[Bandırma#Bird Paradise National Park,26807,,
347632,Lake Kuyucuk,26807,GB,pais
347633,Lake Meke,26807,,
347634,[[Tatvan#Q948747,26807,,
347635,Lake Seyfe,26807,,
347636,Lake Uluabat,26807,,
347637,Sultan Marshes,26807,,
347638,[[Yumurtalık,26807,,
347639,Lake Lachua,26807,,
347640,Jeannette Kawas National Park,26807,,
347641,Cuatrociénegas,26807,,
347642,Huatulco,26807,MX,cidade
347643,Lago de Pátzcuaro,26807,,
347644,El Mogote Wetlands,26807,,
347645,Islas Marietas,26807,,
349722,Nirox Sculpture Park,27015,,
349723,Hakone Open Air Museum,27015,JP,cidade
349724,Changchun World Sculpture Park,27015,CN,cidade
349725,Yorkshire Sculpture Park,27015,GB,cidade
349726,Ekeberg Park,27015,,
349727,Kröller-Müller Museum Sculpture Garden,27015,,
349728,Parikkala Sculpture Park,27015,RU,cidade
349729,Millesgården,27015,,
349730,Frederik Meijer Gardens & Sculpture Park,27015,,
349731,Storm King Sculpture Park,27015,,
349732,Inhotim,27015,,
349733,[[Manhattan/Financial District#,27015,,
349734,[[Kevadia#Q7604504,27015,,
349735,[[Rio de Janeiro/Zona Sul#Q79961,27015,,
349736,[[Volgograd,27015,,
349737,[[Novgorod,27015,,
349738,Trevi Fountain,27015,,
349739,[[Brussels/Centre#Q152072,27015,,
349740,Palace of Versailles,27015,,
349741,Peterhof Grand Palace,27015,DE,cidade
349742,[[Xilitla#Q11688402,27015,,
349743,[[Barcelona/Gràcia#Q212867,27015,,
349744,[[Los Angeles/South Central#Q445256,27015,,
349745,Museo Subacuático de Arte,27015,,
350093,Altyn-Emel East,27036,,
350094,Altyn-Emel Central,27036,,
350095,Altyn-Emel West,27036,,
350096,Barsakelmes island,27036,,
350097,Kaskakulan,27036,,
350098,Bereketli Garagum,27036,,
350099,Gaplangyr,27036,,
350100,Repetek,27036,,
350101,Yeradzhi,27036,,
350102,Saigachy,27036,,
350103,Saigachy-Beleuli,27036,,
350104,Saigachy-Duana,27036,,
350105,Saigachy-Zhideyli,27036,,
350106,Southern Ustyurt,27036,,
350147,Noushirvān,27042,,
350148,Āhovān,27042,,
350149,Parand,27042,,
350150,Robāt-e Sharaf,27042,,
350151,Anjireh Ājori,27042,,
350152,Anjireh Sangi,27042,,
350157,Sheikhali Khān,27042,,
350158,Maranjāb,27042,,
350161,Mahyār,27042,,
350164,Mazinān,27042,,
350166,Zafarāniyeh,27042,,
350168,Sarāyān,27042,,
350172,Miāndasht,27042,,
350175,Farasfaj,27042,,
350178,Ganjali Khān,27042,,
350180,Khājeh Nazar,27042,,
351002,Adelaide Arcade,27095,AU,cidade
351003,David Jones,27095,,
351004,Myer,27095,,
351005,Queen Victoria Building,27095,,
351006,Galeries Royales Saint-Hubert,27095,,
351007,Churin,27095,PE,cidade
351008,Shanghai No. 1 Department Store,27095,CN,cidade
351009,Shanghai YongAn Department Store,27095,CN,cidade
351010,Xiangshan Commercial Culture Museum,27095,,
351011,Bazar de l'Hôtel de Ville (BHV),27095,,
351012,Le Bon Marché,27095,,
351013,Galeries Lafayette,27095,,
351014,La Samaritaine,27095,,
351015,Printemps,27095,,
351016,KaDeWe,27095,,
351017,[[Milan/Centro Storico#Q51112,27095,,
351018,[[Milan/Centro Storico#La Rinascente,27095,,
351020,Mitsukoshi,27095,GB,pais
351021,Takashimaya,27095,,
351023,[[Mexico_City/Polanco#,27095,MX,pais
351024,[[Ulaanbaatar#Q125944026,27095,,
351025,De Bijenkorf,27095,,
351026,Smith & Caughey's,27095,,
351027,[[Helsinki/Central#Q644390,27095,,
351028,[[Stockholm/Norrmalm#Q1998385,27095,,
351029,[[Copenhagen/Indre By#Q72923107,27095,,
351030,[[Copenhagen/Indre By#Q11976960,27095,,
351031,[[Oslo/Sentrum#Q7605855,27095,,
351032,Moscow GUM Department Store,27095,RU,cidade
351033,Moscow TSUM,27095,RU,cidade
351034,Hayashi Department Store,27095,,
351035,Fortnum & Mason,27095,,
351036,Harrods,27095,,
351037,Harvey Nichols,27095,US,cidade
351038,Liberty,27095,,
351039,Selfridges,27095,,
351040,Bergdorf Goodman,27095,,
351041,Bloomingdale's,27095,,
355526,Latvian Museum of Pharmacy,27515,,
355529,Surgeons' Hall Museums,27515,,
355531,Hunterian Museum,27515,,
355532,The Old Operating Theatre,27515,,
355640,Woodbine Beach,27523,,
355641,Lee's Palace,27523,,
355642,Toronto Reference Library,27523,CA,cidade
355928,[[Stonehenge]],27552,GB,bracket
355929,[[Avebury]],27552,GB,bracket
355930,Great Circle at Stanton Drew,27552,,
355931,Ring of Brodgar,27552,,
355932,Callanish Stones,27552,,
355933,Boscawen-Un,27552,,
355934,Maeshowe tumulus,27552,,
355935,Skara Brae,27552,SE,cidade
355936,Dolmens of Poulnabrone,27552,,
355937,Newgrange,27552,,
355938,Carrowmore Megalithic Site,27552,,
355939,Menhir from Devil's Arrows,27552,,
355940,Punchestown Long Stone,27552,,
355941,Ales Stenar,27552,,
355942,Blå Jungfrun,27552,,
355943,Rune stones from Jelling,27552,,
355944,[[Carnac]],27552,GB,bracket
355945,Locmariaquer,27552,,
355946,Menhir of Kerloas,27552,,
355947,Menhir of Champ-Dolent,27552,,
355948,Stone rows of Lagatjar,27552,,
355949,La Roche aux Fées,27552,,
355950,Dolmens of Gavrinis,27552,,
355951,Dolmens de la Pierre Levée,27552,,
355952,Dolmens of Fades,27552,,
355953,Menhir of Clendy,27552,,
355954,Seven stone houses,27552,,
355955,Royal tomb of Groß Berßen,27552,,
355956,Large stone tombs on the Buschhöhe,27552,,
355957,Devil's stones,27552,,
355958,Goseck,27552,,
355959,Circular ditch system Pömmelte,27552,,
355960,Cromlech from Almendres,27552,,
355961,Cromlech from Portela de Mogos,27552,,
355962,Cromlech of Vale Maria do Meio,27552,,
355963,Dolmens of Menga,27552,,
355964,Dolmens of Soto,27552,,
355965,Antequera Dolmens,27552,ES,cidade
355966,Anta Grande do Zambujeiro,27552,,
355967,Megalithic temples of Ġgantija,27552,,
365685,[[Amritsar]],28441,IN,bracket
365686,[[Ayodhya]],28441,IN,bracket
365687,[[Chitrakoot]],28441,IN,bracket
365688,[[Hampi]],28441,IN,bracket
365689,[[Kolkata]],28441,IN,bracket
365690,[[Rameswaram]],28441,IN,bracket
365691,[[Varanasi]],28441,IN,bracket
365692,[[Janakpur]],28441,NP,bracket
365693,[[Kathmandu]],28441,NP,bracket
365694,[[Colombo]],28441,BR,bracket
365695,[[Nuwara Eliya]],28441,LK,bracket
365696,[[Trincomalee]],28441,LK,bracket
365862,Slamet Riyadi Street,28466,,
365863,[[Aguas Calientes]],28466,AR,bracket
365864,Shifen Old Street,28466,,
365865,Maeklong Railway Market,28466,,
365866,Hanoi Train Street,28466,VN,cidade
428217,Hotel Herzogs Park,21626,,
428218,Hotel Krone,21626,,
428515,Premier Inn Newport Telford Hotel,21867,,
430268,Swiss Inn Resort El Arish Hotel,22974,,
430351,Fairfield Inn and Suites,23042,,
430352,Hampton Inn,23042,,
431073,Camping Lac Lafontaine Cottage & RV Resort,23603,,
431074,Motel La Cheminee,23603,,
431075,Best Western Hotel St. Jerome,23603,,
432794,Americas Best Value Inn,24748,,
432795,Best Western Plus Deridder Inn & Suites,24748,,
433130,Listowel Arms Hotel,24977,IE,cidade
435305,Hotel Meson la Noria,26640,,
435306,Hotel CH,26640,,
435366,Motel North,26699,,
435478,Hotel Lawrence,26807,,
435479,Sheel Hotel,26807,,
435480,Ship Hotel,26807,,
435481,Grand Hotel,26807,,
435660,Fonda Eva Martin,27036,,
435661,Hotel D'Cervantes,27036,,
435662,Hotel Las Galeritas de San Sebastián Villas,27036,,
436209,Motel Welden,27552,,
600790,Hotel Quinta Minera,27095,,
600791,"Hotel Regina ""El Llano""",27095,,
600792,Hotel Ray 4 Hermanos,27095,,
600793,Hotel Real de Conde,27095,,
649588,Alojamento 46036,22523,,
649589,Alojamento 46037,22523,,
649590,Alojamento 46038,22523,,
649591,Alojamento 46039,22523,,
649592,Alojamento 46040,22523,,
649593,Alojamento 46041,22523,,
656243,Mountain Sea Hotel,27523,,
