hotel_id,nome,fonte,old_destino_id,bracket_hints
220035,Mosque of Mrs. Aisha,geo_not_found,16953,
220036,Alkubisa Mosque,geo_not_found,16953,
220037,Quba Mosque,geo_not_found,16953,
220038,Mshawwah Mosque,geo_not_found,16953,
220039,Dream Mall,geo_not_found,16953,
419223,Faros Resort,hotel_centroid,16953,
419224,Syros Atlantis Hotel,local,16953,
256305,Golani Trail,geo_not_found,19245,
256306,[[Golan Trail]],geo_not_found,19245,Golan Trail
256311,Golan,geo_not_found,19245,
256317,Har HaNegev Field School,geo_not_found,19245,
256319,Northern Command,geo_not_found,19245,
256320,Central Command,geo_not_found,19245,
256321,Southern Command,geo_not_found,19245,
258974,Alojamento 255597,local,19522,
258975,Alojamento 255598,local,19522,
258976,Alojamento 255599,local,19522,
258977,Alojamento 255600,local,19522,
258978,Alojamento 255601,local,19522,
261348,Berlin Marathon,gmaps_not_found,19740,
261349,Boston Marathon,gmaps_not_found,19740,
261350,Chicago Marathon,gmaps_not_found,19740,
261351,London Marathon,gmaps_not_found,19740,
261352,New York City Marathon,gmaps_not_found,19740,
261353,Tokyo Marathon,gmaps_not_found,19740,
261354,Amsterdam Marathon,gmaps_not_found,19740,
261355,Barcelona Marathon,gmaps_not_found,19740,
261356,Beijing Marathon,gmaps_not_found,19740,
261357,Dubai Marathon,gmaps_not_found,19740,
261358,Finlandia Marathon,gmaps_not_found,19740,
261359,Helsinki City Marathon,gmaps_not_found,19740,
261360,Hong Kong Marathon,gmaps_not_found,19740,
261361,Istanbul Marathon,gmaps_not_found,19740,
261362,Mexico City International Marathon,gmaps_not_found,19740,
261363,Osaka Marathon,gmaps_not_found,19740,
261364,Paavo Nurmi Marathon,gmaps_not_found,19740,
261365,Paris Marathon,gmaps_not_found,19740,
261366,Prague Marathon,gmaps_not_found,19740,
261367,Maraton do Rio,gmaps_not_found,19740,
261368,Rome Marathon,gmaps_not_found,19740,
261369,Rotterdam Marathon,gmaps_not_found,19740,
261370,Shanghai Marathon,gmaps_not_found,19740,
261371,Sydney Marathon,gmaps_not_found,19740,
261372,Xiamen International Marathon,gmaps_not_found,19740,
262292,Maralinga atomic test site,local,19874,
262302,"Hanford Site near [[Richland]], Washington, USA",local,19874,Richland
262304,Memorial complex of Obninsk Nuclear Power Plant,local,19874,
262309,"National Museum of Nuclear Science & History in [[Albuquerque]], USA",local,19874,Albuquerque
262310,"Savannah River Site, South Carolina, USA",local,19874,
262320,TRIGA Mark I,local,19874,
262324,The Ignalina Nuclear Power Plant,local,19874,
262325,Bataan Nuclear Power Plant,local,19874,
262326,Kalkar,local,19874,
262327,Zwentendorf Nuclear Power Plant,local,19874,
262328,"Żarnowiec, [[Poland]]",local,19874,Poland
267387,Israeli Meteorological Service,hotel_centroid,20269,
267388,Kofi Annan,local,20269,
425999,The White Lion Inn,hotel_centroid,20269,
426000,Holiday Inn Ellesmere Port,hotel_centroid,20269,
279326,Hamlet and Susan,local,21218,
279327,Ira,hotel_centroid,21218,
279328,Artur and Sveta,local,21218,
279329,Nikolai,hotel_centroid,21218,
279330,Vardan,local,21218,
279331,Armo,hotel_centroid,21218,
279332,Aro,hotel_centroid,21218,
279333,Officer Samvel,hotel_centroid,21218,
279334,Samvel the younger,hotel_centroid,21218,
279335,Tiko,hotel_centroid,21218,
279336,Vasak and Tatevik,local,21218,
279337,Henrikh and Madlen Stepanian,local,21218,
279338,Mardik sister,hotel_centroid,21218,
279339,Surik and Zamira Hayrapetian,local,21218,
279341,Guesthouse Nadejda,hotel_centroid,21218,
279342,Ulmar,hotel_centroid,21218,
279343,Alvart Dadayan,local,21218,
279344,Gago,hotel_centroid,21218,
279345,Nver Dadayan,local,21218,
279346,Albert and Laura,local,21218,
279347,Armen and Luisa,local,21218,
279348,Elmira (Emma) Hairapetian,local,21218,
279349,Suren,hotel_centroid,21218,
279350,Artur and Anahit Babayan,local,21218,
279351,Onnik and Amalia Balassanian,local,21218,
279352,Sergey and Nadia Harutyunian,local,21218,
279353,Narimon House,hotel_centroid,21218,
279354,Artush Mangasaryan,local,21218,
279355,Gagik Zakharyan,local,21218,
279356,Fedya Ohanyan,local,21218,
279357,Valo and Mareta Ohanyan,local,21218,
279358,Vano (Vanya) and Nurvard,local,21218,
279359,Vazgen and Dzovinar Baghdasarian,local,21218,
279360,Ara and Inga Adamian,local,21218,
279361,Elmard and Hranush (Sonia) Sarafian,local,21218,
279362,Vova and Alina Begnazarian,local,21218,
279363,Gegham Badalyan,local,21218,
279364,Hayk and Mrs. Alvart Danielian,local,21218,
279365,Lova and Mrs. Maret,local,21218,
280875,Jarðböðin við [[Mývatn]],gmaps_not_found,21360,Mývatn
280876,Grettislaug & Jarlslaug,gmaps_not_found,21360,
427792,Tanums Camping & Stugby,gmaps_not_found,21360,
282532,[[Qingdao]],gmaps_not_found,21496,Qingdao
282533,[[Brest (Belarus),gmaps_not_found,21496,
282534,[[Ypres]],gmaps_not_found,21496,Ypres
282535,[[Sarajevo]],gmaps_not_found,21496,Sarajevo
282536,[[Verdun]],gmaps_not_found,21496,Verdun
282537,Vimy Ridge,gmaps_not_found,21496,
282538,Forest of [[Compiègne]],gmaps_not_found,21496,Compiègne
282539,Lochnagar mine,gmaps_not_found,21496,
282540,[[Kiel]],gmaps_not_found,21496,Kiel
282541,Manfred von Richthofen's grave,gmaps_not_found,21496,
282542,Battle of Tannenberg,gmaps_not_found,21496,
282543,[[Gallipoli]],gmaps_not_found,21496,Gallipoli
282544,Historial of the Great War Péronne,gmaps_not_found,21496,
282545,Historial of the Great War Thiepval,gmaps_not_found,21496,
282546,Somme Trench Museum,gmaps_not_found,21496,
282547,Museum of the Great War Pays de Meaux,gmaps_not_found,21496,
282548,U.S. National WWI Museum and Memorial,gmaps_not_found,21496,
282549,Fort Wohlgemuth & World War I Museum,gmaps_not_found,21496,
282550,First World War Chinese Laborers Memorial,gmaps_not_found,21496,
284661,"Great Salt Lake, [[Utah]]",local,21626,Utah
284662,[[La Macarena]],hotel_centroid,21626,La Macarena
284663,Western Lake Erie,hotel_centroid,21626,
428217,Hotel Herzogs Park,hotel_centroid,21626,
428218,Hotel Krone,hotel_centroid,21626,
287739,Abdeen Palace,hotel_centroid,21867,
287740,Ras el Tin Palace,hotel_centroid,21867,
287741,Menelik Palace,hotel_centroid,21867,
287742,Fasil Ghebbi,hotel_centroid,21867,
287743,Forbidden City,hotel_centroid,21867,
287744,Gyeongbokgung,hotel_centroid,21867,
287745,Changdeokgung,hotel_centroid,21867,
287746,Topkapı Palace,hotel_centroid,21867,
287747,Dolmabahçe Palace,hotel_centroid,21867,
287748,Narayanhiti Palace,local,21867,
287749,Mysore Palace,hotel_centroid,21867,
287750,Red Fort,hotel_centroid,21867,
287751,Royal Palace of Kandy,hotel_centroid,21867,
287752,[[Isfahan#Palaces,hotel_centroid,21867,
287753,[[Samarkand#Q1373583,local,21867,
287754,"Royal Palace, Luang Prabang",hotel_centroid,21867,
287755,Potala Palace,hotel_centroid,21867,
287756,[[Babylon]],hotel_centroid,21867,Babylon
287757,Schloss Neuschwanstein,hotel_centroid,21867,
287758,Potsdam and Berlin,hotel_centroid,21867,
287759,Palace of Versailles,hotel_centroid,21867,
287760,Palace of Fontainebleau,hotel_centroid,21867,
287761,Moscow Kremlin,hotel_centroid,21867,
287762,Peterhof Palace,hotel_centroid,21867,
287763,State Hermitage Museum,hotel_centroid,21867,
287764,Catherine Palace,hotel_centroid,21867,
287765,Royal Castle of Warsaw,local,21867,
287766,[[Kraków/Old Town,hotel_centroid,21867,
287767,Hofburg,hotel_centroid,21867,
287768,[[Budapest/Budavár,local,21867,
287769,[[Prague/Castle and Lesser Town,hotel_centroid,21867,
287770,Royal Palace of Turin,hotel_centroid,21867,
287771,Quirinal Palace,hotel_centroid,21867,
287772,Palazzo Pitti,hotel_centroid,21867,
287773,Royal Palace of Caserta,hotel_centroid,21867,
287774,Dresden Castle,hotel_centroid,21867,
287775,Palace of Ajuda,hotel_centroid,21867,
287776,Palace of Queluz,hotel_centroid,21867,
287777,Royal Palace of Romania,hotel_centroid,21867,
287778,Cotroceni Palace,hotel_centroid,21867,
428515,Premier Inn Newport Telford Hotel,hotel_centroid,21867,
289207,"[[Amsterdam]], Netherlands",local,22000,Amsterdam
289209,"[[Cambridge]], England",local,22000,Cambridge
289210,"[[Edinburgh]], Scotland",local,22000,Edinburgh
289211,"[[Glasgow]], Scotland",local,22000,Glasgow
289212,"[[London]], England",local,22000,London
289213,[[Worcester (England),local,22000,
289214,"[[York]], England",local,22000,York
289215,"[[Yerevan]], Armenia",local,22000,Yerevan
289216,"[[Bayreuth]], Germany",local,22000,Bayreuth
289217,"[[Berlin]], Germany",local,22000,Berlin
289218,"[[Bonn]], Germany",local,22000,Bonn
289221,"[[Dresden]], Germany",local,22000,Dresden
289222,"[[Eisenach]], Germany",local,22000,Eisenach
289225,"[[Halle]], Germany",local,22000,Halle
289226,"[[Hamburg]], Germany",local,22000,Hamburg
289227,"[[Leipzig]], Germany",local,22000,Leipzig
289228,"[[Munich]], Germany",local,22000,Munich
289232,"[[Salzburg]], Austria",local,22000,Salzburg
289234,"[[Weimar]], Germany",local,22000,Weimar
289235,"[[Żelazowa Wola]], Poland",local,22000,Żelazowa Wola
289236,"[[Bordeaux]], France",local,22000,Bordeaux
289237,"[[Lille]], France",local,22000,Lille
289238,"[[Montfort-l'Amaury]], France",local,22000,Montfort-l'Amaury
289239,"[[Paris]], France",local,22000,Paris
289240,"[[Saint-Germain-en-Laye]], France",local,22000,Saint-Germain-en-Laye
289241,"[[Strasbourg]], France",local,22000,Strasbourg
289242,"[[Aranjuez]], Spain",local,22000,Aranjuez
289244,"[[Lisbon]], Portugal",local,22000,Lisbon
289261,Villa Gilardi,local,22004,
289271,Villa delle Marcelline,local,22004,
289612,Bigallo - Chapel of Saint Grato,local,22038,
289613,Lierna Alp,local,22038,
289615,Calivazzo Col,local,22038,
289616,Mount Palagia,local,22038,
289617,Esino Alp,local,22038,
289618,Col of the Alp,local,22038,
289620,Ortanella,local,22038,
290937,East Gippsland Rail Trail website,local,22148,
291006,Kirstenbosch National Botanical Garden,gmaps_not_found,22161,
291008,Namib-Naukluft National Park,gmaps_not_found,22161,
291009,China National Botanical Garden,gmaps_not_found,22161,
291010,Qinling National Botanical Garden,gmaps_not_found,22161,
291011,South China National Botanical Garden,gmaps_not_found,22161,
291012,Yuyuan Garden,gmaps_not_found,22161,
291013,Bogor Botanical Gardens,gmaps_not_found,22161,
291014,National Botanical Garden of Iran,gmaps_not_found,22161,
291015,Batu Pahat Botanical Park,gmaps_not_found,22161,
291016,[[Kuala Lumpur/Botanical Garden,gmaps_not_found,22161,
291017,Melaka Botanical Garden,gmaps_not_found,22161,
291018,National Botanical Garden Shah Alam,gmaps_not_found,22161,
291019,Penang Botanic Gardens,gmaps_not_found,22161,
291020,Putrajaya Botanical Garden,gmaps_not_found,22161,
291021,Rimba Ilmu Botanical Gardens,gmaps_not_found,22161,
291022,Zaharah Botanic Gardens,gmaps_not_found,22161,
291023,National Kandawgyi Gardens,gmaps_not_found,22161,
291024,Singapore Botanic Gardens,gmaps_not_found,22161,
291025,Botanic Garden Meise,gmaps_not_found,22161,
291026,Kaisaniemi Botanic Garden,gmaps_not_found,22161,
291027,Hatanpää Arboretum,gmaps_not_found,22161,
291028,Jardin botanique de Bordeaux,gmaps_not_found,22161,
291029,Jardin des Plantes,gmaps_not_found,22161,
291030,Palmengarten,gmaps_not_found,22161,
291032,National Botanic Gardens,gmaps_not_found,22161,
291033,Medici Villas and Gardens,gmaps_not_found,22161,
291034,Botanic Garden,gmaps_not_found,22161,
291035,Arctic Alpine Botanic Garden,gmaps_not_found,22161,
291037,Stora Alvaret,gmaps_not_found,22161,
291038,"Royal Botanic Gardens, Kew",gmaps_not_found,22161,
291319,Pargas tourist information,local,22181,
291320,Archipelago Trail description,local,22181,
291321,Visit Turku,hotel_centroid,22181,
291905,Aletsch Glacier,local,22222,
291906,Jungfraujoch,hotel_centroid,22222,
291907,Oeschinen Lake,hotel_centroid,22222,
291908,Southern Lötschberg ramp,hotel_centroid,22222,
291909,Hohtürli Pass,hotel_centroid,22222,
291910,Anenhütte,hotel_centroid,22222,
291911,Hotel Grimsel Hospiz,hotel_centroid,22222,
291912,Hotel Fafleralp,hotel_centroid,22222,
291913,Konkordia Hut,hotel_centroid,22222,
291914,Hollandia Hut,hotel_centroid,22222,
429029,Arena Hotel,hotel_centroid,22222,
429030,Armon Yam hotel,hotel_centroid,22222,
295557,Santa's Village and Sportsland Theme Park,gmaps_not_found,22523,
295558,[[Drøbak]],geo_not_found,22523,Drøbak
295559,[[Rovaniemi]],gmaps_not_found,22523,Rovaniemi
649588,Alojamento 46036,gmaps_not_found,22523,
649589,Alojamento 46037,gmaps_not_found,22523,
649590,Alojamento 46038,gmaps_not_found,22523,
649591,Alojamento 46039,gmaps_not_found,22523,
649592,Alojamento 46040,gmaps_not_found,22523,
649593,Alojamento 46041,gmaps_not_found,22523,
299026,"[[Stockholm]], Sweden",geo_not_found,22784,Stockholm
299027,Blackeberg,geo_not_found,22784,
299028,"[[Ystad]], Sweden",geo_not_found,22784,Ystad
299029,"[[Copenhagen]], Denmark",geo_not_found,22784,Copenhagen
299030,[[Copenhagen/Nørrebro,geo_not_found,22784,
299031,Oslo Opera House,geo_not_found,22784,
299032,"[[Lillehammer]], Norway",geo_not_found,22784,Lillehammer
299033,Öresund-Bridge,geo_not_found,22784,
299034,Borgafjäll,geo_not_found,22784,
299035,"[[Lappeenranta]], Finland",geo_not_found,22784,Lappeenranta
299036,"[[Tampere]], Finland",geo_not_found,22784,Tampere
299037,[[Siglufjörður]],geo_not_found,22784,Siglufjörður
299505,Crossing the Oued Siyad,gmaps_not_found,22817,
299506,Café Blue House,gmaps_not_found,22817,
299507,Turnoff to Ait Yassine and Aferkat,gmaps_not_found,22817,
299508,"Bus stop, turnoff to Labyar",gmaps_not_found,22817,
299509,Simple restaurant,gmaps_not_found,22817,
299510,Settlement Rass Oumlil with Restaurant and Magasin,gmaps_not_found,22817,
299511,Viewpoint,gmaps_not_found,22817,
299512,Crossing the Oued Draa,gmaps_not_found,22817,
299513,Camping Atlantique Tantan,gmaps_not_found,22817,
299514,Camp Sables d'Or,gmaps_not_found,22817,
299515,Camping Equinox Tan Tan,gmaps_not_found,22817,
299516,Riad Essadia,gmaps_not_found,22817,
299517,Hotel La Belle Vue,gmaps_not_found,22817,
299518,Café Asfi,gmaps_not_found,22817,
299519,Restaurant Bergach,gmaps_not_found,22817,
299520,Oued crossing,gmaps_not_found,22817,
299522,Devil's hole,gmaps_not_found,22817,
299523,Akhfenir,gmaps_not_found,22817,
299524,Hotel Restaurant Atlas,gmaps_not_found,22817,
299525,Hotel Sahara Beach,gmaps_not_found,22817,
299526,Pâtisserie Oumaïma,gmaps_not_found,22817,
299527,Gas station,gmaps_not_found,22817,
299528,Hôtel La Corniche,gmaps_not_found,22817,
299529,La Courbine d'argent,gmaps_not_found,22817,
299530,Rosa Frei Photography,gmaps_not_found,22817,
299532,Hotel Canalina,gmaps_not_found,22817,
299533,Cafe Boufous,gmaps_not_found,22817,
299534,Attijariwafa bank,gmaps_not_found,22817,
299535,Pharmacie de Place Saint Exupery,gmaps_not_found,22817,
299536,Post,gmaps_not_found,22817,
299537,Snack Restaurant Le9 Delice,gmaps_not_found,22817,
299538,Marché municipial,gmaps_not_found,22817,
299539,Banque Populaire,gmaps_not_found,22817,
299540,BMCE,gmaps_not_found,22817,
299542,Royal Air Maroc,gmaps_not_found,22817,
299543,Ensemble Artisanale,gmaps_not_found,22817,
299544,Spanish Cathedrale Franz von Assisi,gmaps_not_found,22817,
430024,Paibaiyun Hotel,gmaps_not_found,22817,
430025,Guangyuan Queen Hot Spring Hotel,gmaps_not_found,22817,
430026,Lavande Hotel,gmaps_not_found,22817,
300417,"Disneyland Park, California",local,22898,
300419,"Disneyland Paris, France",local,22898,
300425,[[Death Valley National Park]],local,22898,Death Valley National Park
300427,Hardangerjøkulen,local,22898,
300428,[[Redwood National Park]],local,22898,Redwood National Park
300430,[[Salar de Uyuni]],local,22898,Salar de Uyuni
301306,[[O.R. Tambo International Airport,gmaps_not_found,22974,
301307,[[Zayed International Airport,gmaps_not_found,22974,
301308,[[Ngurah Rai International Airport,gmaps_not_found,22974,
301309,[[Kempegowda International Airport,gmaps_not_found,22974,
301310,[[Suvarnabhumi Airport]] (,gmaps_not_found,22974,Suvarnabhumi Airport
301311,[[Beijing Capital Airport,gmaps_not_found,22974,
301312,[[Beijing Daxing International Airport,gmaps_not_found,22974,
301313,[[Gimhae International Airport,gmaps_not_found,22974,
301314,[[Indira Gandhi International Airport,gmaps_not_found,22974,
301315,[[Hamad International Airport,gmaps_not_found,22974,
301316,[[Dubai International Airport,gmaps_not_found,22974,
301317,[[Guangzhou Baiyun International Airport,gmaps_not_found,22974,
301318,[[Hong Kong International Airport,gmaps_not_found,22974,
301319,[[Soekarno-Hatta International Airport,gmaps_not_found,22974,
301320,[[Kuala Lumpur International Airport,gmaps_not_found,22974,
301321,[[Ninoy Aquino International Airport,gmaps_not_found,22974,
301322,[[Kualanamu International Airport,gmaps_not_found,22974,
301323,[[Chhatrapati Shivaji Maharaj International Airport,gmaps_not_found,22974,
301324,[[Chubu Centrair International Airport,gmaps_not_found,22974,
301325,[[Kansai International Airport,gmaps_not_found,22974,
301326,[[Incheon International Airport,gmaps_not_found,22974,
301327,[[Shanghai Pudong International Airport,gmaps_not_found,22974,
301328,[[Singapore Changi Airport,gmaps_not_found,22974,
301329,[[Taiwan Taoyuan International Airport,gmaps_not_found,22974,
301330,[[Ben Gurion Airport]] (,gmaps_not_found,22974,Ben Gurion Airport
301331,[[Tokyo Haneda Airport,gmaps_not_found,22974,
301332,[[Tokyo Narita Airport,gmaps_not_found,22974,
301333,[[Schiphol Airport]] (,gmaps_not_found,22974,Schiphol Airport
301334,[[Barcelona El Prat Airport,gmaps_not_found,22974,
301335,[[Berlin Brandenburg International Airport,gmaps_not_found,22974,
301336,[[Copenhagen Airport]] (,gmaps_not_found,22974,Copenhagen Airport
301337,[[Dublin Airport]],gmaps_not_found,22974,Dublin Airport
301338,[[Frankfurt Airport]] (,gmaps_not_found,22974,Frankfurt Airport
301339,[[Helsinki Airport]] (,gmaps_not_found,22974,Helsinki Airport
301340,[[Istanbul New Airport,gmaps_not_found,22974,
301341,[[Lisbon Airport]] (,gmaps_not_found,22974,Lisbon Airport
301342,[[Heathrow Airport]] (,gmaps_not_found,22974,Heathrow Airport
301343,[[Gatwick Airport]] (,gmaps_not_found,22974,Gatwick Airport
301344,[[Stansted Airport]] (,gmaps_not_found,22974,Stansted Airport
430268,Swiss Inn Resort El Arish Hotel,gmaps_not_found,22974,
302211,Maison Guiette,geo_not_found,23042,
302213,Cité Frugès,geo_not_found,23042,
302214,Villa Savoye et loge du jardiner,geo_not_found,23042,
302215,Immeuble locatif à la Porte Molitor,geo_not_found,23042,
302216,Unité d’habitation,geo_not_found,23042,
302217,La Manufacture à Saint-Dié,geo_not_found,23042,
302218,Chapelle Notre-Dame-du-Haut de Ronchamp,geo_not_found,23042,
302219,Cabanon de Le <!--(sic)--> Corbusier,geo_not_found,23042,
302220,Couvent Sainte-Marie-de-la-Tourette,geo_not_found,23042,
302221,Maison de la Culture de Firminy,geo_not_found,23042,
302222,Weissenhof Estate,geo_not_found,23042,
302224,National Museum of Western Art,geo_not_found,23042,
302225,Villa Le Lac,geo_not_found,23042,
430351,Fairfield Inn and Suites,gmaps_not_found,23042,
430352,Hampton Inn,gmaps_not_found,23042,
304288,Museum Kura Hulanda,local,23214,
304290,Bois Caïman,local,23214,
304293,Abraham Lincoln Presidential Library and Museum,local,23214,
304295,Whitney Plantation,local,23214,
304296,Evergreen Plantation,local,23214,
305012,[[Pyongyang]],gmaps_not_found,23291,Pyongyang
305013,Squid Sundae,gmaps_not_found,23291,
305014,Hwangnam-ppang,gmaps_not_found,23291,
305015,Jagalchi Fish Market,gmaps_not_found,23291,
305016,Gijang Crab Market,gmaps_not_found,23291,
305017,Honghap Jjim - Mussel stew,gmaps_not_found,23291,
305018,[[Uijeongbu]],gmaps_not_found,23291,Uijeongbu
430624,Bio Hotel Miramar,gmaps_not_found,23291,
306595,The final race at Terminal Island,local,23433,
308947,[[London]],hotel_centroid,23603,London
308948,[[Liverpool]],hotel_centroid,23603,Liverpool
308949,Rock and Roll Hall of Fame and Museum,local,23603,
308950,Memphis Rock 'n' Soul Museum,hotel_centroid,23603,
308951,Graceland,local,23603,
308952,Buddy Holly Crash Site,hotel_centroid,23603,
308953,Bethel Woods Center for the Arts,hotel_centroid,23603,
308954,ABBA the Museum,hotel_centroid,23603,
308955,Finnish Music Hall of Fame,hotel_centroid,23603,
308956,Metallica House,hotel_centroid,23603,
308957,Blueberry Hill,hotel_centroid,23603,
308958,Bodom Bar & Sauna,hotel_centroid,23603,
431073,Camping Lac Lafontaine Cottage & RV Resort,hotel_centroid,23603,
431074,Motel La Cheminee,hotel_centroid,23603,
431075,Best Western Hotel St. Jerome,hotel_centroid,23603,
311506,Schäufele,gmaps_not_found,23827,
311507,"Gasthaus ""Zur Hulda""",gmaps_not_found,23827,
311508,Brauerei Greifenklau,gmaps_not_found,23827,
311509,Frankenwald Confiserie & Café Bauer,gmaps_not_found,23827,
311510,Werksverkauf Esther Pralinen,gmaps_not_found,23827,
311511,Schamel Meerrettich,gmaps_not_found,23827,
311512,Kochs Meerrettich Fabrikverkauf,gmaps_not_found,23827,
311513,Bamberger Hörnla,gmaps_not_found,23827,
311514,Erlebnisernte Hofladen,gmaps_not_found,23827,
311515,Herb and Spice Museum Kaulfuss,gmaps_not_found,23827,
311516,Conditorei-Museum,gmaps_not_found,23827,
311517,Bavarian Brewery and Bakery Museum,gmaps_not_found,23827,
431421,Asad Babil Hotel (Lion of Babylon),gmaps_not_found,23827,
313880,Herbert and Katherine Jacobs House,local,24001,
313883,Darwin D. Martin House Complex,local,24001,
314011,A-Line Ferry,gmaps_not_found,24011,
314012,Marix Line,gmaps_not_found,24011,
314013,Seikan Ferry,gmaps_not_found,24011,
314014,Tsugaru Kaikyō Ferry,gmaps_not_found,24011,
315372,Liminganlahti Visitor Centre,local,24112,
315563,War Remnants Museum,local,24127,
317655,Zinkensdamm metro station,geo_not_found,24280,
317656,Hornsgatan,geo_not_found,24280,
317657,Yttersta Tvärgränd,geo_not_found,24280,
317658,Skinnarviksberget,geo_not_found,24280,
317659,Lundagatan,geo_not_found,24280,
317660,Lundabron,geo_not_found,24280,
317662,M/S Patricia,geo_not_found,24280,
317663,Monteliusvägen,geo_not_found,24280,
317664,Ivar Lo-museet,geo_not_found,24280,
317666,Hornsgatspuckeln,geo_not_found,24280,
317667,Maria Magdalena Church,gmaps_not_found,24280,
317668,Freyja,geo_not_found,24280,
317669,Söderleden,geo_not_found,24280,
317670,Grafiska Sällskapet,gmaps_not_found,24280,
317672,Västerbron,geo_not_found,24280,
317675,Stockholm City Hall,gmaps_not_found,24280,
317677,Stockholm Cathedral,gmaps_not_found,24280,
317679,Globen,geo_not_found,24280,
317680,Slussen Showroom,geo_not_found,24280,
317681,Södermalmstorg,gmaps_not_found,24280,
317682,Humor,geo_not_found,24280,
317684,Gondolen,geo_not_found,24280,
317685,Almgrens sidenväveri,gmaps_not_found,24280,
317686,Konsthantverkarna,geo_not_found,24280,
317687,Södra Teatern Bar,geo_not_found,24280,
317688,Mural painting,gmaps_not_found,24280,
317689,Katarina Church,geo_not_found,24280,
317693,Fjällgatan,gmaps_not_found,24280,
317694,Anna Lindhagens Museum,geo_not_found,24280,
317912,Military Manpower Administration,local,24303,
317915,Famagusta/Larnaca Enlistment Office,local,24303,
318496,Santio border guard station,gmaps_not_found,24340,
318497,Haapasaari,gmaps_not_found,24340,
318843,[[Antarctica]],local,24368,Antarctica
318844,[[Tierra del Fuego]],hotel_centroid,24368,Tierra del Fuego
318845,[[Falkland Islands]],local,24368,Falkland Islands
318846,"[[Phillip Island]], Victoria",local,24368,Phillip Island
318847,"Penguin Island, [[Rockingham (Western Australia)",local,24368,
318848,[[Tasmania]],local,24368,Tasmania
318849,"[[Macquarie Island]], Tasmania",local,24368,Macquarie Island
318850,[[New Zealand]],local,24368,New Zealand
318851,South Africa,hotel_centroid,24368,
318852,[[Galapagos Islands]],local,24368,Galapagos Islands
318853,[[Kangaroo Island]],local,24368,Kangaroo Island
318854,[[Great Australian Bight Marine Park]],local,24368,Great Australian Bight Marine Park
319843,[[Kuala Lumpur/Old City Centre#Stadium Merdeka,local,24441,
319844,[[Kuala Lumpur/Old City Centre#Merdeka 118,local,24441,
319845,[[Kuala Lumpur/Old City Centre#Kwai Chai Hong,local,24441,
319846,[[Kuala Lumpur/Old City Centre#Petaling Street,local,24441,
319847,Wan Tan Mee Food Stall,local,24441,
319848,[[Kuala Lumpur/Old City Centre#Central Market,local,24441,
319849,[[Kuala Lumpur/Old City Centre#Sin Sze Si Ya Temple,local,24441,
319850,[[Kuala Lumpur/Old City Centre#Merdeka Square,local,24441,
319851,[[Kuala Lumpur/Old City Centre#Sultan Abdul Samad Building,local,24441,
319852,River of Life walkway,local,24441,
319853,[[Kuala Lumpur/Old City Centre#Masjid Jamek,local,24441,
319854,[[Kuala Lumpur/Golden Triangle#Muzium Telekom,local,24441,
319855,[[Kuala Lumpur/Golden Triangle#St. John's Cathedral,local,24441,
319856,KL Forest Eco-Park Canopy Walk,local,24441,
319857,[[Kuala Lumpur/Golden Triangle#Kuala Lumpur Tower,local,24441,
319858,Changkat Bukit Bintang,hotel_centroid,24441,
319859,[[Kuala Lumpur/Golden Triangle#Jalan Alor Food Stalls,local,24441,
319860,Street Art,hotel_centroid,24441,
319861,Halab,local,24441,
319862,Bukit Bintang junction,hotel_centroid,24441,
319863,[[Kuala Lumpur/Golden Triangle#Pavilion Kuala Lumpur,local,24441,
319864,KLCC-Bukit Bintang Pedestrian Walkway,local,24441,
319865,[[Kuala Lumpur/Golden Triangle#Aquaria KLCC,local,24441,
319866,[[Kuala Lumpur/Golden Triangle#KLCC Park,local,24441,
319867,[[Kuala Lumpur/Golden Triangle#Petronas Twin Towers,local,24441,
319868,[[Kuala Lumpur/North of City Centre#Saloma Link Bridge,local,24441,
319869,[[Kuala Lumpur/North of City Centre#Bazaar Baru Chow Kit,local,24441,
432358,Yunfu Hotel,hotel_centroid,24441,
432359,Yinhu Hotel Yunfu,hotel_centroid,24441,
432360,Jinjiang Inn Yunfu,hotel_centroid,24441,
432361,Century Golden Source Hotel Yunfu,hotel_centroid,24441,
323686,[[Aachen,hotel_centroid,24748,
323687,[[Avignon]],hotel_centroid,24748,Avignon
323688,[[Barcelona]],hotel_centroid,24748,Barcelona
323689,[[Battle]],hotel_centroid,24748,Battle
323690,[[Bremen]],hotel_centroid,24748,Bremen
323691,[[Bruges]],hotel_centroid,24748,Bruges
323692,[[Carcassonne]],hotel_centroid,24748,Carcassonne
323693,[[Constantinople]],hotel_centroid,24748,Constantinople
323694,"[[Cordoba (city, Spain)",hotel_centroid,24748,
323695,[[Dubrovnik]],hotel_centroid,24748,Dubrovnik
323696,[[Florence]],hotel_centroid,24748,Florence
323697,[[Genoa]],hotel_centroid,24748,Genoa
323698,[[Granada]],hotel_centroid,24748,Granada
323699,[[Kraków]],hotel_centroid,24748,Kraków
323700,[[Lübeck]],hotel_centroid,24748,Lübeck
323701,[[Malbork]],local,24748,Malbork
323702,[[Nördlingen]],hotel_centroid,24748,Nördlingen
323703,[[Novgorod]],hotel_centroid,24748,Novgorod
323704,[[Prague]],hotel_centroid,24748,Prague
323705,[[Rothenburg ob der Tauber]],hotel_centroid,24748,Rothenburg ob der Tauber
323706,[[Santiago de Compostela]],hotel_centroid,24748,Santiago de Compostela
323707,[[Sigtuna]],hotel_centroid,24748,Sigtuna
323708,[[Stockholm]],hotel_centroid,24748,Stockholm
323709,[[Tallinn]],local,24748,Tallinn
323710,[[Toledo (Spain),hotel_centroid,24748,
323711,[[Trier]],hotel_centroid,24748,Trier
323712,[[Tours]],hotel_centroid,24748,Tours
323713,[[Trabzon]],hotel_centroid,24748,Trabzon
323714,[[Uppsala]],local,24748,Uppsala
323715,[[Venice]],hotel_centroid,24748,Venice
323716,[[Visby]],hotel_centroid,24748,Visby
323717,[[Worms]],hotel_centroid,24748,Worms
323718,[[York]],hotel_centroid,24748,York
432794,Americas Best Value Inn,local,24748,
432795,Best Western Plus Deridder Inn & Suites,hotel_centroid,24748,
326735,Amalienborg,gmaps_not_found,24977,
326736,Rosenborg Castle,gmaps_not_found,24977,
326737,Roskilde Cathedral,gmaps_not_found,24977,
326738,Royal Palace,gmaps_not_found,24977,
326739,Gamlehaugen,gmaps_not_found,24977,
326740,Stiftsgaarden,gmaps_not_found,24977,
326741,Regalia of Norway,gmaps_not_found,24977,
326742,Nidaros Cathedral,gmaps_not_found,24977,
326743,Royal Mausoleum at Akershus castle,gmaps_not_found,24977,
326744,Drottningholm Palace,gmaps_not_found,24977,
326745,Stockholm Cathedral,gmaps_not_found,24977,
326746,Riddarholmen Church,gmaps_not_found,24977,
326748,Stones of Mora,gmaps_not_found,24977,
326749,Hagaparken,gmaps_not_found,24977,
326750,The Haga Park Museum,gmaps_not_found,24977,
326751,Gustav III:s pavilion,gmaps_not_found,24977,
326752,Ulriksdal Palace,gmaps_not_found,24977,
326753,Rosendal Palace,gmaps_not_found,24977,
326754,Rosendal Gardens,gmaps_not_found,24977,
326755,Rosersberg Palace,gmaps_not_found,24977,
326756,Tullgarn Palace,gmaps_not_found,24977,
326757,Gripsholms slott,gmaps_not_found,24977,
433130,Listowel Arms Hotel,gmaps_not_found,24977,
327927,Augsburg textile and industry museum,local,25060,
327929,Big Pit National Coal Museum,local,25060,
327931,TextilWerk Bocholt LWL Industrial Museum,local,25060,
327932,The International City of Lace and Fashion,local,25060,
327933,"Italian Centre for Coal Mining, Culture]]",local,25060,
327937,Derwent Valley Mills,local,25060,
327939,LWL Industrial Museum Zollern II/IV Colliery,local,25060,
327940,North Duisburg Landscape Park,local,25060,
327941,Verdant Works,local,25060,
327942,Imperial War Museum Duxford,local,25060,
327945,Zollverein Coal Mine Industrial Complex World Heritage Site,local,25060,
327946,LVR Industrial Museum Mueller Cloth Mill,local,25060,
327947,Falun Mine,local,25060,
327948,"German Clock Museum, German Clock Route",local,25060,
327949,Museum of Industrial Archaeology and Textile,local,25060,
327953,Espace Métal,local,25060,
327960,Westphalian Industrial Museum Brick Works Lage,local,25060,
327961,New Lanark,local,25060,
327963,National Slate Museum,local,25060,
327964,"Manufaktura, Museum of the Factory",local,25060,
328906,Old Melbourne Gaol,geo_not_found,25135,
328908,26 Henry Street,geo_not_found,25135,
328909,Avenel Cemetery,geo_not_found,25135,
328910,Avenel Court House,geo_not_found,25135,
328911,Avanel Maze,geo_not_found,25135,
328912,Bridge over Hughes Creek,geo_not_found,25135,
328913,Former Royal Mail Hotel,geo_not_found,25135,
328914,Beechworth Gaol,geo_not_found,25135,
328915,Harry Power's cell,geo_not_found,25135,
328916,Old Court House,geo_not_found,25135,
328918,Old Benalla Courthouse,geo_not_found,25135,
328919,The Bootmakers Shop,geo_not_found,25135,
328921,The Colonial Bank Site,geo_not_found,25135,
328922,The Euroa Inn,geo_not_found,25135,
328923,Animated Theatre Show,geo_not_found,25135,
328927,Greta Cemetery,geo_not_found,25135,
328930,Royal Mail Hotel,geo_not_found,25135,
328931,Mansfield Police Memorial,geo_not_found,25135,
328932,Mansfield Cemetery,geo_not_found,25135,
328933,Stringybark Creek,geo_not_found,25135,
330057,Flashman,local,25216,
330061,Flashman's Lady,local,25216,
330062,[[Singapore]],local,25216,Singapore
330064,Flashman and the Mountain of Light,local,25216,
330069,[[New Orleans]],local,25216,New Orleans
330070,Flashman and the Redskins,local,25216,
330072,[[Santa Fe Trail]],local,25216,Santa Fe Trail
330074,Flashman at the Charge,local,25216,
330078,Flashman in the Great Game,local,25216,
330079,Rani Lakshmibai,local,25216,
330084,Flashman and the Angel of the Lord,local,25216,
330085,Flashman and the Dragon,local,25216,
330088,[[Beijing/Haidian#Old_Summer_Palace,local,25216,
330089,Flashman on the March,local,25216,
330093,Flashman and the Tiger,local,25216,
330094,[[Dundee_(KwaZulu-Natal)#Isandlwana Battlefield,local,25216,
339587,GR R1,,26063,
339588,GR R2,,26063,
339589,GR R3,,26063,
339991,Tahal's Castle,local,26098,
339992,Alhabia's Tower,local,26098,
339993,Medala's Tower,local,26098,
340001,Historical Center of Vélez-Blanco,local,26098,
340002,Town hall,local,26098,
340003,Church of Santiago,local,26098,
340004,Bañones' House,local,26098,
340005,Ancient Convent of San Luis,local,26098,
340009,Hospital Universitario de Torrecárdenas,local,26098,
340010,Hospital del Poniente,local,26098,
340011,Hospital de La Inmaculada,local,26098,
340012,Hospital de Alta Resolución de El Toyo,local,26098,
340019,Jane Austen Centre,local,26100,
340021,Jane Austen's House,local,26100,
340168,Salinas en Isla Cristina,local,26110,
340173,Hermitage of Santa María del Valle,local,26110,
340175,Virgen de los Ángeles Pilgrimage,local,26110,
340176,Sevillanas to the Reina de los Ángeles,local,26110,
340177,Open pit mining Salomón,local,26110,
340178,Peñalosa,local,26110,
340181,Sevillanas rocieras,local,26110,
340182,Salve rociera,local,26110,
340183,Bagpipes and drums playing,local,26110,
340186,Shellfishing on foot in Doñana,local,26110,
340189,Infanta Elena's Hospital,local,26110,
340190,University Hospital of Juan Ramón Jiménez,local,26110,
340191,Hospital of Virgen de la Bella,local,26110,
340192,Hospital of Riotinto,local,26110,
340200,El Campanil,local,26111,
340201,Oil mil of Alhorí I,local,26111,
340206,Shelter Cimbarrillo María Antonia,local,26111,
340208,Arroyo de los Santos I,local,26111,
340212,Hospital Alto Guadalquivir de Andújar,local,26111,
340213,Hospital de San Agustín,local,26111,
340214,Hospital San Juan de la Cruz,local,26111,
340480,Blackbeard's Castle,gmaps_not_found,26130,
340481,Christiansted National Historic Site,gmaps_not_found,26130,
340482,Fort Christian,gmaps_not_found,26130,
340483,Fort Frederik,gmaps_not_found,26130,
340484,Creque Marine Railway,gmaps_not_found,26130,
340485,St Olaf's Church,gmaps_not_found,26130,
340486,National Museum of the Faroe Islands,gmaps_not_found,26130,
340487,Saint Olav's Church,gmaps_not_found,26130,
340488,Skansin,gmaps_not_found,26130,
340489,Tórshavn Cathedral,gmaps_not_found,26130,
340490,Fort Augustaborg,gmaps_not_found,26130,
340491,Fort Christiansborg,gmaps_not_found,26130,
340492,Fort Fredensborg,gmaps_not_found,26130,
340493,Fort Kongenstein,gmaps_not_found,26130,
340494,Fort Prinzenstein,gmaps_not_found,26130,
340495,Básendar,gmaps_not_found,26130,
340496,Eskifjörður,gmaps_not_found,26130,
340497,Nicobar Islands,gmaps_not_found,26130,
340498,Danmarksnagore,gmaps_not_found,26130,
340499,[[Tranquebar,gmaps_not_found,26130,
340500,Akershus Fortress,gmaps_not_found,26130,
340501,Kristiansten Fortress,gmaps_not_found,26130,
340502,Fredriksten Fortress,gmaps_not_found,26130,
340503,[[Lund]],gmaps_not_found,26130,Lund
340504,[[Kirkwall]],gmaps_not_found,26130,Kirkwall
340506,Millesgården,gmaps_not_found,26132,
340507,Angel with Flute,gmaps_not_found,26132,
340509,Raoul Wallenberg Monument,gmaps_not_found,26132,
340511,Betsy Sandberg,gmaps_not_found,26132,
340516,Canada houses,gmaps_not_found,26132,
340518,Bygge och Bo,gmaps_not_found,26132,
340519,Grönsta gärde,gmaps_not_found,26132,
340520,Täcka udden,gmaps_not_found,26132,
340521,Embassy of Eritrea,gmaps_not_found,26132,
340522,Embassy of Iran,gmaps_not_found,26132,
340523,North Korean embassy,gmaps_not_found,26132,
340524,The Russian House,gmaps_not_found,26132,
434769,First and Last Inn,gmaps_not_found,26132,
344402,Amdavad Morning Heritage Walk with Professional Tour Guide,gmaps_not_found,26467,
344403,Kalupur Railway Station,gmaps_not_found,26467,
344404,Kalupur Ghee Bazar BRTS Bus  Stop,gmaps_not_found,26467,
344405,Kalupur AMTS Bus Terminus,gmaps_not_found,26467,
344407,Lal Darwaja AMTS Bus Terminal,gmaps_not_found,26467,
344409,Kalupur Railway Station Metro Station,gmaps_not_found,26467,
344410,Rupali Pay and Park,gmaps_not_found,26467,
344411,Kalupur Swaminarayan Temple,gmaps_not_found,26467,
344412,"Kavi Dalpatram Chowk, Lambeshwar Ni Pol",gmaps_not_found,26467,
344413,"Jagvallabh Jain Temple, Nisha Pol",gmaps_not_found,26467,
344414,Calico Dome,gmaps_not_found,26467,
344415,"Kala Ramji Mandir, Haja Patel ni Pol",gmaps_not_found,26467,
344436,Bhadrakali Mandir,gmaps_not_found,26467,
344440,Vijali Ghar,gmaps_not_found,26467,
345217,[[Aachen]],gmaps_not_found,26544,Aachen
345218,Iesi,gmaps_not_found,26544,
345219,[[Vienna]],gmaps_not_found,26544,Vienna
345220,[[Worms]],gmaps_not_found,26544,Worms
345221,[[Prague]],gmaps_not_found,26544,Prague
345460,Branch Brook Park,local,26571,
345463,Waterlands Park,local,26571,
345464,South Orange Performing Arts Center (SOPAC),local,26571,
345468,Cryan's,local,26571,
345469,Gas Light Brewery & Restaurant,local,26571,
345470,Neelam Exotic Indian Cuisine,local,26571,
345471,Reservoir Restaurant,local,26571,
345474,Chris's Texas Weiner Family Restaurant,local,26571,
345478,Courtyard West Orange,local,26571,
346080,Naturpark Attersee-Traunsee,local,26640,
346081,Vrani kamen,hotel_centroid,26640,
346082,Jelsa,hotel_centroid,26640,
346083,[[Anholt]],hotel_centroid,26640,Anholt
346084,Bulbjerg,hotel_centroid,26640,
346085,Mandø,hotel_centroid,26640,
346086,[[Møn]] and Nyord,hotel_centroid,26640,Møn
346087,[[Cévennes National Park]],local,26640,Cévennes National Park
346088,[[Millevaches Natural Regional Park]],local,26640,Millevaches Natural Regional Park
346089,[[Morvan Regional Natural Park]],local,26640,Morvan Regional Natural Park
346090,Regional Natural Park of [[Vercors]],local,26640,Vercors
346091,[[Bavarian Forest National Park]],local,26640,Bavarian Forest National Park
346092,[[Eifel National Park]],local,26640,Eifel National Park
346093,Winklmoosalm,hotel_centroid,26640,
346094,Aenos National Park,local,26640,
346095,[[Bükk]] Mountains,hotel_centroid,26640,Bükk
346096,[[Hortobágy]] National Park,local,26640,Hortobágy
346097,Zselic Starry Sky Park,local,26640,
346098,De Boschplaat,hotel_centroid,26640,
346099,Lauwersmeer National Park,local,26640,
346100,Artis (zoo),local,26640,
346101,Øvre Pasvik National Park,local,26640,
346102,Gantrisch Regional Nature Park,local,26640,
435305,Hotel Meson la Noria,hotel_centroid,26640,
435306,Hotel CH,hotel_centroid,26640,
346640,Science Museum of Long Island,local,26699,
346641,Plandome Country Club,local,26699,
346642,Plandome Heights Village Preserve,local,26699,
346643,Plandome Pond Park,local,26699,
346644,Plandome Village Hall,local,26699,
435366,Motel North,hotel_centroid,26699,
346745,[[Cerveteri]],geo_not_found,26712,Cerveteri
346746,[[Tarquinia]],geo_not_found,26712,Tarquinia
346748,[[Vulci]],geo_not_found,26712,Vulci
346749,[[Orvieto]],geo_not_found,26712,Orvieto
346750,[[Veii]],geo_not_found,26712,Veii
346751,[[Populonia]],geo_not_found,26712,Populonia
346752,National Etruscan Museum,gmaps_not_found,26712,
347606,[[Lake Nakuru National Park]],gmaps_not_found,26807,Lake Nakuru National Park
347607,Mai Po Marshes,gmaps_not_found,26807,
347608,[[Bhitarkanika Mangroves]],gmaps_not_found,26807,Bhitarkanika Mangroves
347609,Bhoj Wetland,gmaps_not_found,26807,
347610,Chandra Taal,gmaps_not_found,26807,
347611,[[Chilika Lake]],gmaps_not_found,26807,Chilika Lake
347612,Deepor Beel,gmaps_not_found,26807,
347613,East Calcutta Wetlands,gmaps_not_found,26807,
347614,Gulf of Mannar Marine Biosphere Reserve,gmaps_not_found,26807,
347615,Hirakud Reservoir,gmaps_not_found,26807,
347616,Karikili Bird Sanctuary,gmaps_not_found,26807,
347617,[[Kerala Backwaters]],gmaps_not_found,26807,Kerala Backwaters
347618,Pallikaranai Wetland,gmaps_not_found,26807,
347619,Point Calimere Wildlife and Bird Sanctuary,gmaps_not_found,26807,
347620,Runn of Kutch,gmaps_not_found,26807,
347621,[[Sundarbans]],gmaps_not_found,26807,Sundarbans
347622,Thane Creek,gmaps_not_found,26807,
347623,Vedanthangal Bird Sanctuary,gmaps_not_found,26807,
347624,[[Olango_Island#Olango Wildlife Sanctuary,gmaps_not_found,26807,
347625,Akyatan Lagoon,gmaps_not_found,26807,
347626,[[Izmir#Q6043373,gmaps_not_found,26807,
347627,[[Silifke#See,gmaps_not_found,26807,
347628,[[Kızılırmak Delta Bird Reserve,gmaps_not_found,26807,
347629,Kızören Sinkhole,gmaps_not_found,26807,
347630,[[Burdur,gmaps_not_found,26807,
347631,[[Bandırma#Bird Paradise National Park,gmaps_not_found,26807,
347632,Lake Kuyucuk,gmaps_not_found,26807,
347633,Lake Meke,gmaps_not_found,26807,
347634,[[Tatvan#Q948747,gmaps_not_found,26807,
347635,Lake Seyfe,gmaps_not_found,26807,
347636,Lake Uluabat,gmaps_not_found,26807,
347637,Sultan Marshes,gmaps_not_found,26807,
347638,[[Yumurtalık,gmaps_not_found,26807,
347639,Lake Lachua,gmaps_not_found,26807,
347640,Jeannette Kawas National Park,gmaps_not_found,26807,
347641,Cuatrociénegas,gmaps_not_found,26807,
347642,Huatulco,gmaps_not_found,26807,
347643,Lago de Pátzcuaro,gmaps_not_found,26807,
347644,El Mogote Wetlands,gmaps_not_found,26807,
347645,Islas Marietas,gmaps_not_found,26807,
435478,Hotel Lawrence,gmaps_not_found,26807,
435479,Sheel Hotel,gmaps_not_found,26807,
435480,Ship Hotel,gmaps_not_found,26807,
435481,Grand Hotel,gmaps_not_found,26807,
348595,Eura Church,hotel_centroid,26915,
348596,Hinnerjoki Church,hotel_centroid,26915,
348597,Honkilahti Church,hotel_centroid,26915,
348598,Kiukainen Church,hotel_centroid,26915,
348599,Köyliö Church,hotel_centroid,26915,
348600,Panelia Church,local,26915,
348601,Säkylä Church,hotel_centroid,26915,
348602,Naurava lohikäärme,hotel_centroid,26915,
348603,Panelia Mill and Local History Museum,local,26915,
348604,Sepon Kauppa,hotel_centroid,26915,
348605,K-Supermarket Eura,hotel_centroid,26915,
348606,S-Market Eura,hotel_centroid,26915,
348607,K-Market Panelia,local,26915,
348608,Sale Kauttua,hotel_centroid,26915,
348609,Trattoria La Mia Bella,hotel_centroid,26915,
348610,Kepolan Olohuone,local,26915,
348611,Panelian kyläbaari,local,26915,
348612,Public House Laululintunen,hotel_centroid,26915,
348613,Kauttua Manor,local,26915,
349296,Bergmancenter,local,26990,
349297,Fårö Church,local,26990,
349722,Nirox Sculpture Park,gmaps_not_found,27015,
349723,Hakone Open Air Museum,gmaps_not_found,27015,
349724,Changchun World Sculpture Park,gmaps_not_found,27015,
349725,Yorkshire Sculpture Park,gmaps_not_found,27015,
349726,Ekeberg Park,gmaps_not_found,27015,
349727,Kröller-Müller Museum Sculpture Garden,gmaps_not_found,27015,
349728,Parikkala Sculpture Park,gmaps_not_found,27015,
349729,Millesgården,gmaps_not_found,27015,
349730,Frederik Meijer Gardens & Sculpture Park,gmaps_not_found,27015,
349731,Storm King Sculpture Park,gmaps_not_found,27015,
349732,Inhotim,gmaps_not_found,27015,
349733,[[Manhattan/Financial District#,gmaps_not_found,27015,
349734,[[Kevadia#Q7604504,gmaps_not_found,27015,
349735,[[Rio de Janeiro/Zona Sul#Q79961,gmaps_not_found,27015,
349736,[[Volgograd,gmaps_not_found,27015,
349737,[[Novgorod,gmaps_not_found,27015,
349738,Trevi Fountain,gmaps_not_found,27015,
349739,[[Brussels/Centre#Q152072,gmaps_not_found,27015,
349740,Palace of Versailles,gmaps_not_found,27015,
349741,Peterhof Grand Palace,gmaps_not_found,27015,
349742,[[Xilitla#Q11688402,gmaps_not_found,27015,
349743,[[Barcelona/Gràcia#Q212867,gmaps_not_found,27015,
349744,[[Los Angeles/South Central#Q445256,gmaps_not_found,27015,
349745,Museo Subacuático de Arte,gmaps_not_found,27015,
350093,Altyn-Emel East,gmaps_not_found,27036,
350094,Altyn-Emel Central,gmaps_not_found,27036,
350095,Altyn-Emel West,gmaps_not_found,27036,
350096,Barsakelmes island,gmaps_not_found,27036,
350097,Kaskakulan,gmaps_not_found,27036,
350098,Bereketli Garagum,gmaps_not_found,27036,
350099,Gaplangyr,gmaps_not_found,27036,
350100,Repetek,gmaps_not_found,27036,
350101,Yeradzhi,gmaps_not_found,27036,
350102,Saigachy,gmaps_not_found,27036,
350103,Saigachy-Beleuli,gmaps_not_found,27036,
350104,Saigachy-Duana,gmaps_not_found,27036,
350105,Saigachy-Zhideyli,gmaps_not_found,27036,
350106,Southern Ustyurt,gmaps_not_found,27036,
435660,Fonda Eva Martin,gmaps_not_found,27036,
435661,Hotel D'Cervantes,gmaps_not_found,27036,
435662,Hotel Las Galeritas de San Sebastián Villas,gmaps_not_found,27036,
350147,Noushirvān,local,27042,
350148,Āhovān,local,27042,
350149,Parand,local,27042,
350150,Robāt-e Sharaf,local,27042,
350151,Anjireh Ājori,local,27042,
350152,Anjireh Sangi,local,27042,
350157,Sheikhali Khān,local,27042,
350158,Maranjāb,local,27042,
350161,Mahyār,local,27042,
350164,Mazinān,local,27042,
350166,Zafarāniyeh,local,27042,
350168,Sarāyān,local,27042,
350172,Miāndasht,local,27042,
350175,Farasfaj,local,27042,
350178,Ganjali Khān,local,27042,
350180,Khājeh Nazar,local,27042,
350349,[[Henri Pittier National Park,local,27053,
350350,[[Sierra Nevada National Park,local,27053,
350351,[[Guatopo National Park,local,27053,
350352,[[El Ávila National Park,local,27053,
350353,[[Yurubí National Park,local,27053,
350354,[[Canaima National Park,local,27053,
350355,[[Yacambú National Park,local,27053,
350356,[[Cueva de la Quebrada del Toro National Park,local,27053,
350357,[[Archipiélago de Los Roques National Park,local,27053,
350358,[[Macarao National Park,local,27053,
350359,[[Mochima National Park,local,27053,
350360,[[Laguna de La Restinga National Park,local,27053,
350361,[[Médanos de Coro National Park,local,27053,
350362,[[Laguna de Tacarigua National Park,local,27053,
350363,[[Cerro El Copey National Park,local,27053,
350364,[[Aguaro-Guariquito National Park,local,27053,
350365,[[Morrocoy National Park,local,27053,
350366,[[El Guácharo National Park,local,27053,
350367,[[Terepaima National Park,local,27053,
350368,[[Jaua-Sarisariñama National Park,local,27053,
350369,[[Serranía La Neblina National Park,local,27053,
350370,[[Yapacana National Park,local,27053,
350371,[[Duida-Marahuaca National Park,local,27053,
350372,[[Península de Paria National Park,local,27053,
350373,[[Sierra de Perijá National Park,local,27053,
350374,[[El Tamá National Park,local,27053,
350375,[[San Esteban National Park,local,27053,
350376,[[Juan Crisóstomo Falcón National Park,local,27053,
350377,[[Santos Luzardo National Park,local,27053,
350378,[[Guaramacal National Park,local,27053,
350379,[[Dinira National Park,local,27053,
350380,[[General Juan Pablo Peñaloza National Park,local,27053,
350381,[[Chorro El Indio National Park,local,27053,
350382,[[Sierra La Culata National Park,local,27053,
350383,[[Cerro Saroche National Park,local,27053,
350384,[[Turuépano National Park,local,27053,
350385,[[Mariusa National Park,local,27053,
350386,[[Ciénagas del Catatumbo National Park,local,27053,
350387,[[Parima Tapirapecó National Park,local,27053,
350388,[[Río Viejo San Camilo National Park,local,27053,
435680,Hotel Böhlerstern,hotel_centroid,27053,
351002,Adelaide Arcade,gmaps_not_found,27095,
351003,David Jones,gmaps_not_found,27095,
351004,Myer,gmaps_not_found,27095,
351005,Queen Victoria Building,gmaps_not_found,27095,
351006,Galeries Royales Saint-Hubert,gmaps_not_found,27095,
351007,Churin,gmaps_not_found,27095,
351008,Shanghai No. 1 Department Store,gmaps_not_found,27095,
351009,Shanghai YongAn Department Store,gmaps_not_found,27095,
351010,Xiangshan Commercial Culture Museum,gmaps_not_found,27095,
351011,Bazar de l'Hôtel de Ville (BHV),gmaps_not_found,27095,
351012,Le Bon Marché,gmaps_not_found,27095,
351013,Galeries Lafayette,gmaps_not_found,27095,
351014,La Samaritaine,gmaps_not_found,27095,
351015,Printemps,gmaps_not_found,27095,
351016,KaDeWe,gmaps_not_found,27095,
351017,[[Milan/Centro Storico#Q51112,gmaps_not_found,27095,
351018,[[Milan/Centro Storico#La Rinascente,gmaps_not_found,27095,
351020,Mitsukoshi,gmaps_not_found,27095,
351021,Takashimaya,gmaps_not_found,27095,
351023,[[Mexico_City/Polanco#,gmaps_not_found,27095,
351024,[[Ulaanbaatar#Q125944026,gmaps_not_found,27095,
351025,De Bijenkorf,gmaps_not_found,27095,
351026,Smith & Caughey's,gmaps_not_found,27095,
351027,[[Helsinki/Central#Q644390,gmaps_not_found,27095,
351028,[[Stockholm/Norrmalm#Q1998385,gmaps_not_found,27095,
351029,[[Copenhagen/Indre By#Q72923107,gmaps_not_found,27095,
351030,[[Copenhagen/Indre By#Q11976960,gmaps_not_found,27095,
351031,[[Oslo/Sentrum#Q7605855,gmaps_not_found,27095,
351032,Moscow GUM Department Store,gmaps_not_found,27095,
351033,Moscow TSUM,gmaps_not_found,27095,
351034,Hayashi Department Store,gmaps_not_found,27095,
351035,Fortnum & Mason,gmaps_not_found,27095,
351036,Harrods,gmaps_not_found,27095,
351037,Harvey Nichols,gmaps_not_found,27095,
351038,Liberty,gmaps_not_found,27095,
351039,Selfridges,gmaps_not_found,27095,
351040,Bergdorf Goodman,gmaps_not_found,27095,
351041,Bloomingdale's,gmaps_not_found,27095,
600790,Hotel Quinta Minera,wikivoyage-listing,27095,
600791,"Hotel Regina ""El Llano""",wikivoyage-listing,27095,
600792,Hotel Ray 4 Hermanos,wikivoyage-listing,27095,
600793,Hotel Real de Conde,wikivoyage-listing,27095,
351820,Plaza las Ventas,geo_not_found,27160,
351821,Plaza de Toros de la Real Maestranza,geo_not_found,27160,
351822,Plaza de Toros Pamplona,geo_not_found,27160,
351823,Les Arènes,geo_not_found,27160,
351824,Plaza Monumental Mexico,geo_not_found,27160,
351825,Plaza Monumental Aguascalientes,geo_not_found,27160,
351826,Plaza de Toros La Coleta,geo_not_found,27160,
351827,Nuevo Toreo de Tijuana,geo_not_found,27160,
351828,Plaza de Toros de Merida,geo_not_found,27160,
351829,Plaza los Toros Manizales,geo_not_found,27160,
351830,Plaza de Toros Cartagena,geo_not_found,27160,
351831,Plaza de Toros de Acho,geo_not_found,27160,
351832,La Petatera de Villa de Alvarez,geo_not_found,27160,
351833,La Monumental,geo_not_found,27160,
351834,Plaza de Toros Cancun,geo_not_found,27160,
351835,Plaza de Toros Nuevo Progreso,geo_not_found,27160,
351836,Plaza de Toros Real de San Carlos,geo_not_found,27160,
351837,Baekje Cultrual Land,gmaps_not_found,27161,
435820,Hotel Aljofar,gmaps_not_found,27161,
435821,Hotel Malvira,gmaps_not_found,27161,
435822,Hotel Kasino,gmaps_not_found,27161,
352004,Emergencies-112,gmaps_not_found,27178,
352005,Guardia Civil,gmaps_not_found,27178,
352006,Baza hospital,gmaps_not_found,27178,
352007,High resolution hospital of Guadix,gmaps_not_found,27178,
352008,Virgen de Las Nieves University General Hospital,gmaps_not_found,27178,
352009,Santa Ana hospital,gmaps_not_found,27178,
352010,High resolution hospital of Loja,gmaps_not_found,27178,
352013,[[Almuñécar]],gmaps_not_found,27178,Almuñécar
352015,[[La Alpujarra]],gmaps_not_found,27178,La Alpujarra
435845,Girasoles Hotel,gmaps_not_found,27178,
435847,Hotel las Delicias,gmaps_not_found,27178,
600882,Hotel Balam Ku,gmaps_not_found,27178,
353046,Iheneke Lakes,,27275,
353047,Ogbagada Spring and Waterfall,,27275,
353048,Ihuezi Cave,,27275,
353049,Swimming,,27275,
353050,Hang out,,27275,
353051,Picnic,,27275,
435908,Hotel San Pedro,wikivoyage-listing,27275,
435909,Hotel Santa Fe,wikivoyage-listing,27275,
354178,Vasa shipyard,gmaps_not_found,27381,
354183,Galärvarvskyrkogården,gmaps_not_found,27381,
354184,Maritime Museum,gmaps_not_found,27381,
355166,Kajak & Uteliv,,27486,
436141,Auberge Godefroy,wikivoyage-listing,27486,
436142,Motel Bécancour,wikivoyage-listing,27486,
355526,Latvian Museum of Pharmacy,,27515,
355529,Surgeons' Hall Museums,,27515,
355531,Hunterian Museum,,27515,
355532,The Old Operating Theatre,,27515,
355640,Woodbine Beach,geo_not_found,27523,
355641,Lee's Palace,geo_not_found,27523,
355642,Toronto Reference Library,geo_not_found,27523,
656243,Mountain Sea Hotel,gmaps_not_found,27523,
355928,[[Stonehenge]],hotel_centroid,27552,Stonehenge
355929,[[Avebury]],hotel_centroid,27552,Avebury
355930,Great Circle at Stanton Drew,hotel_centroid,27552,
355931,Ring of Brodgar,hotel_centroid,27552,
355932,Callanish Stones,local,27552,
355933,Boscawen-Un,hotel_centroid,27552,
355934,Maeshowe tumulus,hotel_centroid,27552,
355935,Skara Brae,hotel_centroid,27552,
355936,Dolmens of Poulnabrone,hotel_centroid,27552,
355937,Newgrange,hotel_centroid,27552,
355938,Carrowmore Megalithic Site,local,27552,
355939,Menhir from Devil's Arrows,hotel_centroid,27552,
355940,Punchestown Long Stone,hotel_centroid,27552,
355941,Ales Stenar,local,27552,
355942,Blå Jungfrun,hotel_centroid,27552,
355943,Rune stones from Jelling,hotel_centroid,27552,
355944,[[Carnac]],hotel_centroid,27552,Carnac
355945,Locmariaquer,hotel_centroid,27552,
355946,Menhir of Kerloas,hotel_centroid,27552,
355947,Menhir of Champ-Dolent,hotel_centroid,27552,
355948,Stone rows of Lagatjar,hotel_centroid,27552,
355949,La Roche aux Fées,hotel_centroid,27552,
355950,Dolmens of Gavrinis,hotel_centroid,27552,
355951,Dolmens de la Pierre Levée,hotel_centroid,27552,
355952,Dolmens of Fades,hotel_centroid,27552,
355953,Menhir of Clendy,hotel_centroid,27552,
355954,Seven stone houses,hotel_centroid,27552,
355955,Royal tomb of Groß Berßen,local,27552,
355956,Large stone tombs on the Buschhöhe,hotel_centroid,27552,
355957,Devil's stones,hotel_centroid,27552,
355958,Goseck,hotel_centroid,27552,
355959,Circular ditch system Pömmelte,hotel_centroid,27552,
355960,Cromlech from Almendres,local,27552,
355961,Cromlech from Portela de Mogos,hotel_centroid,27552,
355962,Cromlech of Vale Maria do Meio,local,27552,
355963,Dolmens of Menga,hotel_centroid,27552,
355964,Dolmens of Soto,hotel_centroid,27552,
355965,Antequera Dolmens,hotel_centroid,27552,
355966,Anta Grande do Zambujeiro,hotel_centroid,27552,
355967,Megalithic temples of Ġgantija,local,27552,
436209,Motel Welden,hotel_centroid,27552,
356440,Alojamento 353063,,27605,
356441,Alojamento 353064,,27605,
356442,Alojamento 353065,,27605,
356443,Alojamento 353066,,27605,
356444,Alojamento 353067,,27605,
356445,Alojamento 353068,,27605,
436261,Hotel Sapphire,wikivoyage-listing,27605,
356953,Thornby Park Trailhead,hotel_centroid,27649,
356954,Osteen Trailhead,hotel_centroid,27649,
356955,Gobblers Lodge Trailhead,hotel_centroid,27649,
356956,Cow Creek Bridge,hotel_centroid,27649,
356957,Edgewater/Titusville Trail Fork,hotel_centroid,27649,
356958,Maytown Trailhead,hotel_centroid,27649,
356959,Kurt Eichin Memorial Trail,local,27649,
356960,Scottsmoor Flatwoods Sanctuary,hotel_centroid,27649,
356961,Aurantia Road Trailhead,hotel_centroid,27649,
356962,Cow Creek Trailhead,hotel_centroid,27649,
356963,Rotary Park,hotel_centroid,27649,
436324,Burra Hotel,hotel_centroid,27649,
436325,Commercial Hotel Burra,local,27649,
436326,Burra Motor Inn,hotel_centroid,27649,
357145,Sanford Amtrak Auto Train Station,gmaps_not_found,27674,
357146,Brightline Orlando,gmaps_not_found,27674,
357147,Orlando International Airport Intermodal Terminal,gmaps_not_found,27674,
357148,Lynx Central Bus Station,gmaps_not_found,27674,
357149,Greyhound & Flixbus,gmaps_not_found,27674,
357150,Gemini Springs,gmaps_not_found,27674,
357151,Sanford SunRail Station,gmaps_not_found,27674,
357152,Lake Mary SunRail station,gmaps_not_found,27674,
357153,Longwood SunRail Station,gmaps_not_found,27674,
357154,Altamonte Springs SunRail Station,gmaps_not_found,27674,
357155,Maitland SunRail Station,gmaps_not_found,27674,
357156,Orlando Museum of Art,gmaps_not_found,27674,
357157,LYNX Central SunRail Station,gmaps_not_found,27674,
357158,Kia Center,gmaps_not_found,27674,
357159,Sand Lake Road SunRail Station,gmaps_not_found,27674,
357160,Meadow Woods SunRail Station,gmaps_not_found,27674,
357161,Tupperware SunRail Station,gmaps_not_found,27674,
357162,Poinciana SunRail Station,gmaps_not_found,27674,
357373,Colosseum,gmaps_not_found,27691,
357374,Arch of Constantine,gmaps_not_found,27691,
357375,Palatine Hill,gmaps_not_found,27691,
357376,Arch of Titus,gmaps_not_found,27691,
357377,Imperial Fora,gmaps_not_found,27691,
357379,Temple of Antoninus Pius and Faustina,gmaps_not_found,27691,
357380,Basilica Aemilia,gmaps_not_found,27691,
357381,Curia,gmaps_not_found,27691,
357382,Lapis Niger,gmaps_not_found,27691,
357383,Arch of Septimius Severus,gmaps_not_found,27691,
357384,Temple of Saturn,gmaps_not_found,27691,
357385,Temple of Divine Julius Caesar,gmaps_not_found,27691,
357386,Temple of Castor and Pollux,gmaps_not_found,27691,
357387,Tabularium,gmaps_not_found,27691,
436375,Holiday Inn Express & Suites,gmaps_not_found,27691,
436376,Best Western Riverfront Inn,gmaps_not_found,27691,
436377,Menominee River Extended Stay Hotel,gmaps_not_found,27691,
360320,Mozia Archaeological Site and Whitaker Museum,gmaps_not_found,27983,
360326,Spiaggia Torre di San Teodoro,gmaps_not_found,27983,
360327,Spiaggia Tahiti (Isola Grande),gmaps_not_found,27983,
360328,Oro Bianco,gmaps_not_found,27983,
361599,[[Doi Inthanon National Park]],gmaps_not_found,28102,Doi Inthanon National Park
361600,[[Doi Pha Hom Pok National Park]],gmaps_not_found,28102,Doi Pha Hom Pok National Park
361601,[[Doi Suthep - Pui National Park]],gmaps_not_found,28102,Doi Suthep - Pui National Park
361602,[[Doi Wiang Pha National Park]],gmaps_not_found,28102,Doi Wiang Pha National Park
361603,[[Huai Nam Dang National Park]],gmaps_not_found,28102,Huai Nam Dang National Park
361604,[[Khun Khan National Park]],gmaps_not_found,28102,Khun Khan National Park
361605,[[Mae Takhrai National Park]],gmaps_not_found,28102,Mae Takhrai National Park
361606,[[Mae Tho National Park]],gmaps_not_found,28102,Mae Tho National Park
361607,[[Mae Wang National Park]],gmaps_not_found,28102,Mae Wang National Park
361608,[[Namtok Bua Tong - Nam Phu Chet Si National Park]],gmaps_not_found,28102,Namtok Bua Tong - Nam Phu Chet Si National Park
361609,[[Ob Khan National Park]],gmaps_not_found,28102,Ob Khan National Park
361610,[[Op Luang National Park]],gmaps_not_found,28102,Op Luang National Park
361611,[[Pha Daeng National Park]],gmaps_not_found,28102,Pha Daeng National Park
361612,[[Si Lanna National Park]],gmaps_not_found,28102,Si Lanna National Park
361613,[[Doi Luang National Park]],gmaps_not_found,28102,Doi Luang National Park
361614,[[Khun Chae National Park]],gmaps_not_found,28102,Khun Chae National Park
361615,[[Lam Nam Kok National Park]],gmaps_not_found,28102,Lam Nam Kok National Park
361616,[[Phu Chi Fa National Park]],gmaps_not_found,28102,Phu Chi Fa National Park
361617,[[Thamluang Khunnam Nangnon National Park]],gmaps_not_found,28102,Thamluang Khunnam Nangnon National Park
361618,[[Khlong Lan National Park]],gmaps_not_found,28102,Khlong Lan National Park
361619,[[Khlong Wang Chao National Park]],gmaps_not_found,28102,Khlong Wang Chao National Park
361620,[[Mae Wong National Park]],gmaps_not_found,28102,Mae Wong National Park
361621,[[Chae Son National Park]],gmaps_not_found,28102,Chae Son National Park
361622,[[Doi Chong National Park]],gmaps_not_found,28102,Doi Chong National Park
361623,[[Khelang Banphot National Park]],gmaps_not_found,28102,Khelang Banphot National Park
361624,[[Mae Wa National Park]],gmaps_not_found,28102,Mae Wa National Park
361625,[[Tham Pha Thai National Park]],gmaps_not_found,28102,Tham Pha Thai National Park
361626,[[Doi Khun Tan National Park]],gmaps_not_found,28102,Doi Khun Tan National Park
361627,[[Mae Ping National Park]],gmaps_not_found,28102,Mae Ping National Park
361628,[[Mae Ngao National Park]],gmaps_not_found,28102,Mae Ngao National Park
361629,[[Mae Sariang National Park]],gmaps_not_found,28102,Mae Sariang National Park
361630,[[Namtok Mae Surin National Park]],gmaps_not_found,28102,Namtok Mae Surin National Park
361631,[[Salawin National Park]],gmaps_not_found,28102,Salawin National Park
361632,[[Tham Pla - Namtok Pha Suea National Park]],gmaps_not_found,28102,Tham Pla - Namtok Pha Suea National Park
361633,[[Doi Phu Kha National Park]],gmaps_not_found,28102,Doi Phu Kha National Park
361634,[[Khun Nan National Park]],gmaps_not_found,28102,Khun Nan National Park
361635,[[Khun Sathan National Park]],gmaps_not_found,28102,Khun Sathan National Park
361636,[[Mae Charim National Park]],gmaps_not_found,28102,Mae Charim National Park
361637,[[Nanthaburi National Park]],gmaps_not_found,28102,Nanthaburi National Park
361638,[[Si Nan National Park]],gmaps_not_found,28102,Si Nan National Park
361648,Genesee Gateway Local Historic District,local,28105,
361649,Joseph Ellicott Local Historic District,local,28105,
361650,500 Block of Main Local Historic District,local,28105,
361651,Theater Local Historic District,local,28105,
361652,Buffalo City Hall,local,28105,
361653,Guaranty Building,local,28105,
361654,St. Paul's Episcopal Cathedral,local,28105,
361655,Allentown Historic District,local,28105,
361656,Delaware Avenue Historic District,local,28105,
361657,Linwood Local Historic District,local,28105,
361659,Parkside East Historic District,local,28105,
361660,Parkside West Historic District,local,28105,
361661,University Park Historic District,local,28105,
361662,Central Park,local,28105,
361663,Darwin D. Martin House Complex,local,28105,
361664,Fargo Estate Historic District,local,28105,
361665,Market Square Historic District,local,28105,
361667,Upper Black Rock Local Historic District,local,28105,
361670,Remains of the Larkin Administration Building,local,28105,
361671,Broadway-Fillmore Local Historic District,local,28105,
361672,Hamlin Park Historic District,local,28105,
361673,High Street Local Historic District,local,28105,
361674,Michigan-Sycamore Local Historic District,local,28105,
361675,New York Central Terminal,local,28105,
362776,Becari Language School,geo_not_found,28172,
362917,Leon Valley Campground,hotel_centroid,28186,
362918,Sparta DNR Campground,local,28186,
362919,Super 8 Sparta,local,28186,
362920,Best Western Plus Sparta Trail Lodge,hotel_centroid,28186,
362921,Schultz City Park Camping,hotel_centroid,28186,
365685,[[Amritsar]],gmaps_not_found,28441,Amritsar
365686,[[Ayodhya]],gmaps_not_found,28441,Ayodhya
365687,[[Chitrakoot]],gmaps_not_found,28441,Chitrakoot
365688,[[Hampi]],gmaps_not_found,28441,Hampi
365689,[[Kolkata]],gmaps_not_found,28441,Kolkata
365690,[[Rameswaram]],gmaps_not_found,28441,Rameswaram
365691,[[Varanasi]],gmaps_not_found,28441,Varanasi
365692,[[Janakpur]],gmaps_not_found,28441,Janakpur
365693,[[Kathmandu]],gmaps_not_found,28441,Kathmandu
365694,[[Colombo]],gmaps_not_found,28441,Colombo
365695,[[Nuwara Eliya]],gmaps_not_found,28441,Nuwara Eliya
365696,[[Trincomalee]],gmaps_not_found,28441,Trincomalee
365862,Slamet Riyadi Street,,28466,
365863,[[Aguas Calientes]],,28466,Aguas Calientes
365864,Shifen Old Street,,28466,
365865,Maeklong Railway Market,,28466,
365866,Hanoi Train Street,,28466,
